INSERT INTO starfsmenn_Starfsmadurmynd (mynd) VALUES ('https://lh3.googleusercontent.com/prac9T0Jc94bc569nxOCJ4bpqBgBY6qmaszMVaIufgvy2N9WsIhJzyMrSHF1x7qBDFLVeKxkp_rnCzLks_DhpVI40wYJvjTjzhYm9vp19dnqRUXhuH5aJ0IRuURUr2eGl_nu1nJEolFFVIt2B3rvEz57FuvoitXnlQGrHdpoeeZhYgNo_7b49Bny8VwYYd6zqC6rUmL0c7vQpoNh2YutKoolCKt0PirnNU-zztSvHAkIwQwJucTBExlbvRJQMKB4Frd7v96IKCUuQrSon74oelaqu8nF8Oz5tGGiCd66K1CyFtbNMmpZF2cgIrV4LLmHZRk5yEmJIRaNlc52cQCL6lt3z_9QRQ92QnT7Izaav1FkzPfb9A3gwdd2YDNhiecY7_rHZBbDtRMAJ6U70QN31-dgepbQ9scuacYNjOfTP6mZkl92AlgKMvwTnixr5DKnrV4RsQHNIl9yTuL62YFTzQv0Q5vqOtQc-oT1Ty3A9AdfPOIGZhVMj0clyztgK5PhPUc5iHUGmVJrdJNJr2d1LDBx0HDOKOyA2ZQl1ET2dvaD0B-vbO8gNADd4nX_qsmyxCGRnRD8LC2ZIxKSDoqsoOx7npwQ2lMgxbUkea7evfSp6sXJN2duz06nP7W4FJfTyxj8X9ALQjeLcoHXv5cEfEef7YNFNsk=s370-no');
INSERT INTO starfsmenn_Starfsmadurmynd (mynd) VALUES ('https://lh3.googleusercontent.com/n47NJhmCMSnkP4KmNlCocjka7wlbVrt9VotAmA-AZ8_TpF2jNxA8_wt677hrLt0kRHkh-EaRcEinuKUxd024ULPWqkOaIKpYONn7Lkipw3yb9LV93mbnpXNg9rR9mBOaQmw2R3SEQozQ_5ydmDoRFb11S9H8K2qFL-aaCyjpbuj3IwTHY1D2MuajBEhmgpstVW10UsPmXxceBbTtPUYi7YtTnxKIegh3wX2_NQl2sSPbzfOm2gNw8YuopVvYH212r0JMgwHcFoMO91yrBYWxKk4ZgR0UY7l5CbgRbE3VVR2JKghrtHryw5Gx8Jzslyd9MUFbkQyCS9Mr1lrwMy4wvzJmqHddsUYoPAkODm12KPn3CTU6i0NRD_tlmgP6sN78inxlu_hGpIYdpVl92nJT1zUnUAuN57nyXtqQleNP7E5n9IRpbp8v7ZxWWbnz-FJtg6SRLe6eKhGpZM6L-WGmqnLEU3A9VDqCf8BSi0ZmFJvm_ZAqUXJiHLp5a4HKaL33WjY3BqUFjQnzo54XzHmpIVdYE-IIHkfk-g5SnRy3Rd-4cgXRc-6JLpSRYMgVKAhNzvVGcNietNy3Y-td5w34XI93O0Nw-9-ounX2-0zz2pV5E6UGru2auW4L7Kbq8YCdQqVNkkmqtyLNEok8Zg7h6xPTIqAElow=s370-no');
INSERT INTO starfsmenn_Starfsmadurmynd (mynd) VALUES ('https://lh3.googleusercontent.com/4XfXHC0pjCavuHu6eEa6b8bd6wlFQMf0wJMwhxAxvZBV97SsivhuVZjU4Mh0alkFYAQC3JG1Fn3XtAGWQB2EmJ_DO2zBj34GYi4ehJd2YP4WZ_QHRKKjrAutPIJ2TuWi0xJTCqiQRfGIimTnBlD1AC6RCb0HyMSG1G0NISzE5zERFLjELYh1VaCO8mwyFBSJubFMYjA69NV53Oklyg5EzaFbmTS3la7JQ0zBIZuUBy8-pkDowHOfScHCcqjBtit5ZVc7qHDunYLY_4zJGYe9Tl2O0zEeZUFI0cm2pw3u8FmYc_ETr9IVQT_j5s4Oj4kJI5szAT1EQ0McXzxncm9KyESaXMP-pmrfSOPIR3WdpMBDLba5I2xd7lNBOeybhx9S2GNhDcT3V4mkyAibs6WULbr54gnwe1tIp-WoJ9_y0i9qFwd0rPLq6ivA3RXQB2tqUs8ev7TnH4oBXYVRJCy_vs1Z4uKuIycRL5SlxSQOb1wnTinbsNSsHFVJOkNMRtWzH9YkrE-IRK1tubz1lAfpwD8kofgNA6_fPjnsWE9ROYLG2vf4uXznBzVkrGDsb7Jfhl7ZwzkazEG22W63XzwUar2tQ-R-dd_lLoW2xReOpWuqssUvFUk0mXsJYr3obLL4rrudabDPNWg09rvL25f5a3-f_3B7YKk=s370-no');
INSERT INTO starfsmenn_Starfsmadurmynd (mynd) VALUES ('https://lh3.googleusercontent.com/ZL8dUQoh7X60-1hsbWDN_MiWbLcfj5PPhV_jTHQcwZfWi-qbxIouyOw3ZxBqDzji2g6Z6rqFzIwLV-ZYCxGIdkquwpSMGrg4k5DEEd03BTNoIzN1YaByKLQ2K7K66Z2oLnbdpz6P1xLaxh5gvEGhLx7ZKXbzQEDOwoob-oCpok9IjgnqgfwUpNsAjqPcNKADrsmC-ynGHnBiep1k8xPSFCQ6cRjCZjwcPSFA6M3PEmUL8KGUX1O5Z_K5u7vLz3gdRzrDmpdzji6nh5f9DciI8R_eOU_zdiWFndT4sGDIj28s61O5EQqXREKK4pG-dVaxBjO3e0k3xet-CHFQjxZ8nYLViXqkNmrtY5yv7i9fMApP29MKoIEjDmCdpDmVlAtIVNPzvRYtx6L7p9Bc6qXijqhZUVeXlscZVNNTENCk6rXn9rPjni6yUy2x4zdpQ2Pb7ANE7atf9WpIfgMAyoIf29tiZI-vKM0uqMo2ZkOxfvn8rsrWnGE0rdEbZwq2mRbkVL73TI2erA72W1rmzs4iHx9HDVQCQrzWHdPLoNXnQxZnVl0mHaRU5P3U8e3vaeEx1ATSWZpoIrovwzPiQtwH4toqr6pmPme2M_x2N8_wRRVhdT3MvgLBajojAzKWDMgRyDBZcBrF0O6VocI_1bykBy8LSrCe7pE=s370-no');
INSERT INTO starfsmenn_Starfsmadurmynd (mynd) VALUES ('https://lh3.googleusercontent.com/mPYEU3bMPQVXIMX0x7QuY6t2HpN9jgbNjYLSZhA8LNr-D4mmEpWTwObH61SeSZ4IIbSUlBf5Emcn9jJI4hxfxIndN_9HeLp2fToa5Z2GkOPxngv44SFuVi9BIwvhcGtZJdcIudiNnklJrE1vv_tfTJ9tfhRm50OQ5yk-ybBtF270lci1ew8vDhvfK0lGxkGoReSWSmqSXzcEdfGw7GjaMq44DBPEtv-RcVhyiJNhB9OcErr9qVYT1i9x4TxvzP9maVdwoPlWOUGZ1JLduhcZgAVIr3MVnXdxASDCKkBzeAknRQowoMVir6yRNp4sfBTUkSgrHsQdKOZ_THHssDvqbTHXeAJ8dqzfsGtZR7LzKHP7k8hAZUfaLGOGVjMrxeEdCZFpDQ07_40L8iQlPdoxlkSsKtt5jJkf4MSyBnVIl1lxX9nOFs83Q0R5sRrbhXwUPrCo4mwh4LJvmQv3pZJzBSBZCCnymBNAz5Ol-P-NMK6ksYCa_Bd_Ufeb-qsHa8mPsQUOS56tENwq5_bv6q0J-S1HAp5UxMpgfkEc_2xjr54m0pgX1yhgAqH6rADFgYAeKX7QKxx_sgyEtVBBn5hCNvnn5o7lzvp40M6dOKnuhJt4QxVPBoXrCzo77f2NHy5ernh_NLfvpQAhCbVoJZyhRThBHvozT3M=s370-no');
INSERT INTO starfsmenn_Starfsmadurmynd (mynd) VALUES ('https://lh3.googleusercontent.com/GSliMDzOKtosU8PyZ3imwqteKgKGTDJJCywbOpl_sYNkdYQQ2xOM39LFIR7by1ILXUVJpJZ8hXO_b2MfmSBrkgz5_5kRMwekbLiSX442wbWh0zsPj45RW68IRmBr8LVoXDFsiVos7iiNYHfx6H9448r8Q0XrgkWq-HtKS2Ww9olnrlPip89w2XpdMFhL-bh9QaORBXdj-RJP8uQd7Rbrnxvy0kHvgIlcy7z_7LNoW-0kFugTsOO9SJSloYS5HVss3uaFgAOQZDnySaQzlrmwvJPm5dJKdQy9Tjwy18nhit_xLSCfWm5BLaUI0IGcnCkzKSTBu4vQ0XbiyEkjge3cF19Ns85iwcY1GI4tg5Lbf1rg_7q-KcoICdr0lQbEANFFsVV2LH7uMpTBeQAcOhAujgMdz783ZVYgV8szwku-FF3PfQxpjN-_sW6qi4QdLXDniNl4lP2jHPYLjggVps77GAPUfVaW6n6i7lwNrs9LrLGD9WhXVgC0uSDyqoKc4E7soumVYDHpo1HUy9ge5MiSjR7CqV_DoBzPpA7oRJvlQV3azTCgu-1M1v51dA7xfNCbdH9TkvTFU3zlFcuboODWtSUFpqcgjdNSKYfYPBqXLKQsJXqL3_3Saa6eAIEmJakVXRS9ZqxOtFHklRiky0aiDuD2drLSNl8=s370-no');
INSERT INTO starfsmenn_Starfsmadurmynd (mynd) VALUES ('https://lh3.googleusercontent.com/s1Rhu5maQrftjUxexEGzFEzLxpUPlK8sSoXDIy_Hqt43lNiG8kB0WkIHExwLFXXW2p-NCLOfarsIIlq-LrzWate6Kok57IeUHX58bUpyN1rRtRbQ4HAUkK6lo6bU6__uYjps0FaknAj8T-QrunnOXM7Y13B1cdAjFQk-KUXwfaAWzKncgXUkLWX7ntA_YZEGosk23iPmqJ48T_-nY3pNoWxGuqW5nOJ0O1gj9rni4r5nwbaTP5b82iHYncDJVmsi7VpllVo8AEziyJ79Byke2yZdK0-EQ1bxfbirC7Zn7X11olkbv1cLr7U_NjI67bMb2W6L9IRYr-fW3TvD4FsZYUg5HAeKVhGD8uioeXNGopf6i32-WWoHqLp-b5CbJR8PclDgIM3gg8tJUxxMBxE4KathhsObig-65MBSBCS6xyRNajtwKU26bmb0r_jkUVLZlZcSWdcf7dn5kqsbpPIs7nqmZZ92L4k-s_prxSM3QsbhUyr-zgeIvG6TzYFKRmVvUzuwx43P_drmrIw9v-I4j3KaGa7RxHo-dckRjOyMsltIBgKGuRuXKGmUzjuunoqtSrvWY8FVd1NPSG1FBhvf4ZdRQT-2wb-2yrjT2M3IvWXNNleElS8DrI6uVAEhWHVZdQG1ePzJn7qU5WM2TsgSB99iXLjsfOk=s370-no');
INSERT INTO starfsmenn_Starfsmadurmynd (mynd) VALUES ('https://lh3.googleusercontent.com/nFXaIRVAjcIZ5c_gItDslStUGPStcpb3PyxZO6LuGwKDi_yFDOdUt6Bb7Elcitim34BaqeYGqWzUP9ur_vBmKWiNHHpUEuFnO7FPZtlTtFjpYC2PJsC84CyzHIL1dfE4tkkHsQWZ3kXBSk2d7ljFukWOyGIgXLMbAyiBeCB14KagQ0HG5zw5FD-3gbgiNoMaH6A1lmxkpQfzJMiW8TvsqJzcygRQwgrwZhtt5SWyNvTSq_qwUqwdel86e5gOikHfSFdPG8PeN_sRnaoFdhngEIDxGLkCxexOr1kUUWSuw4F8uAAZXK-9MUAO_-hTHUyzbQ_gIBd7aHNITSSqdanAubyytdFP9ZH6S_OlWY_3j23kTjmGZ_Od49ImIu8za1zZI_G8a4RMLbf5w2b_UxsQ57oy5WXwSS3CctJob7pGTZfWY3DOhssAggLoLNg73YB-6QRgCorHSfrheQauNY5JxADYpQDbWsn8A-cysMX295gdDxDT9tnu2P332AC0m3lAgkWUdhiL4r-CXrNjLirfSEa5yYzFyQJr7dbAJCcpKlDbsrfD2n2d2VnOAeZsnL-ylNkNGbNPdJFRLZVnKJHNZoaW3vA43KqyZukB80Yo2ViQhhR6RSeXCI79kjjxrkOB02OrSPt8rdG1QzUZZddjSYF31ymAL5Q=s370-no');
INSERT INTO starfsmenn_Starfsmadurmynd (mynd) VALUES ('https://lh3.googleusercontent.com/Ei25HRf8y9cZrBkRdt_jr01qZ_nxlr_XSwokCIoItVqslEjGxwlQ9FeU1-hO1-aFwYI0gjtWNu2vge6w7lNookob8rlrOJsHJJFgWfJUOjwg47f83MknpquimBAi7Z4wBIaJ4gAEzaaFrP_FUQ7y6rNH0CdrOfzT21qes-eb5_hdOx2NZ1_erIID8Aaow7GUN_gArw4KBALcMvamKhxFcwkMYAur1ad434G9HFmC4wYL1X_v6wJ-2a5iduP0Quge1rBNUyCF5AcvAI4iJ1-wi03JzcHy1xCZQKM6aOQlrHJBc4J5kj0tr80tLmn66f9uU-sN3b21HtTM5GCE4IsAD2qGlNkfdvJXeabrfvlBC78POwACrVw37NvHijZySf01tfs8x-Voy76Z1XfUXMxV1ObTeLR9pLf9uL2kuJKendAYr8bfY_oKR8UDl6Th1DSWJMLGCK0JWF3sAWHOmMO56XaO4Dnime8jNX_NknFrJOmDoQU-HyX-dtnBS4UPGxTfOBbvIx8bJ41tMaomFxi4qBgnHUVlqIRP5QuCmOrkK_PMOITF7_6VV-K00yiqwPxzv0Zlt3_KW01NDaihbT-FdzV2IGZEO-Hy3RNZETlUk5sztULFV0iTi4c6QXsINZN3KFbPaBCvdrygcNsy1qVxw2mdfafnDTw=s370-no');
INSERT INTO starfsmenn_Starfsmadurmynd (mynd) VALUES ('https://lh3.googleusercontent.com/Bbkl85WDLwP9lo8GF7VHUFvwkTItjPV-M6rcudLuNvUjZ1_Z2Q1Z4bqpzMCKWlbsXWem45aMDDDLS-btw4UB9lXngKtepqN5bn-8uyFphFYCO03P1uNZ3u7fZpWbfVyWlAK6wX6MoZg1Y3we1zWGIFg67DjK961Z75vB_tI3UId9oUyEB83B8D2sTNECERMfIVIA6_WB9wdskxcBb2MRCBdarbt2DkJrko6Ikq54esOnuYprf3v2D3DDtzY_8swvAOYKFoEmnuIusYBrwPNHOAoM_RNXUk54lkQHl1PjgPBqEK8DYZOK_CLPNy3B9I8wxaWBzg3cEkKBft9e4uqhxOjnBM7tOolGsTdTFgwES_GzudogzzjSu_Yn27nXEClf784LYD-vxEhDoqE6ysbgRrWDCRt6sOQteLDQZDt6yMH0EI5T6Tl9PUkTo8vQ1d7gSx61BHPC7XOYz_nQM3tWZjnhpT6PSlJuA6ug1d5CAEM1tQhuosxlmYaCeubKKAZJRFCBiJWjV5iO_KuF_XBRoLGioFRQDCms9mhXxjMWq9oqfSFr5CksLXeSZAlAiD_GVnl6UUwA9LeA43LFHrKLlLcKRJaUVB1uOUZulQ9W1A9YRMZrNmM5NVdtwT7es4vwE1esVRJgftTu1Hoaj13C4OdkwYlok9k=s370-no');

INSERT INTO starfsmenn_starfsmenn (nafn, simi, netfang, starfsheiti, lysing, Starfsmadurmynd_id) VALUES ('Baldur Ólafsson', 4110546, 'baldur@Ca.is', 'Löggiltur fasteignasali', 'Ég er Hafnfirðingur í húð og hár og bý þar enn.  Ég hef starfað á fasteignasölu síðan haustið 2011 en er menntaður rafeindavirkja meistari.  Áður hef ég starfað við hin ýmsu sölustörf lengst af við sölu á tæknivörum og lausnum. Ég er giftur og á fjórar dætur.  Mín helstu áhugamál eru golf og enski boltinn.', 1);
INSERT INTO starfsmenn_starfsmenn (nafn, simi, netfang, starfsheiti, lysing, Starfsmadurmynd_id) VALUES ('Theodór Ingi Gíslason', 4118758, 'theodor@Ca.is', 'Löggiltur fasteignasali', 'Á dauða mínum átti ég von...en svona er lífið nú skemmtilegt. Ég datt niður á þetta starf og þessa menntun eftir að hafa verið að þreyfa fyrir mér í þónokkurn tíma og mikil ósköp sem mér þykir þetta skemmtilegt starf. Ég hef starfað sem söngkona síðan á síðustu öld, rekið verslun á Laugavegi, á Söngskóla sem er 10 ára um þessar mundir, unnið í fiski, bakaríi, á elliheimili og leikskóla og allt hefur þetta mótað mig og undirbúið undir þessa nýju og spennandi braut sem ég er komin á í lífinu.', 2);
INSERT INTO starfsmenn_starfsmenn (nafn, simi, netfang, starfsheiti, lysing, Starfsmadurmynd_id) VALUES ('Sindri Magnússon', 4111099, 'sindri@Ca.is', 'Löggiltur fasteignasali', 'Ég hóf störf í haust hjá Fasteignasölu Reykjavíkur og er nýr í faginu og stefni á nám til löggildingar á næstu önn.  Bakgrunnur minn er fjölbreyttur en lengst af í mínum starfsferli hef ég starfað við fjölmiðla, bæði við dagskrárgerð og framleiðslu.  Ég hef einnig um 10 ára reynslu í markaðs- og sölumálum þar sem ég hef notið mín afskaplega vel í góðum samskiptum við mína viðskiptavini.  Ég stundaði nám í Vancouver Film School og útskrifaðist þaðan með 97/100 í einkunn. Ég bý í Árbænum ásamt eiginkonu minni og þremur börnum og kunnum við afskaplega vel við okkur í því hverfi þar sem það er stutt í náttúruna og eina bestu sundlaug borgarinnar.  Ég er mikið í veiði og hef meðal annars séð um staðarhald og leiðsögn veiðimanna við Langá á Mýrum síðustu tvö sumur. Það er mitt markmið að veita þér mína bestu þjónustu og vera þér innan handar með það sem þú þarft til að viðskipti þín með Fasteignasölu Reykjavíkur verði þér og þínum ánægjuleg.', 3);
INSERT INTO starfsmenn_starfsmenn (nafn, simi, netfang, starfsheiti, lysing, Starfsmadurmynd_id) VALUES ('Kári Þorkelsson', 4116710, 'kari@Ca.is', 'Löggiltur fasteignasali', 'Ég hef starfað við ýmis sölustörf í rúmlega 20 ár. Sem sölufulltrúi á fasteignasölu hef ég starfað frá 2011. Þeir sem þekkja mig vita að ég legg mig allan fram í því sem ég tek mér fyrir hendur og veiti vandaða og góða þjónustu. Ég er giftur og á þrjá syni og tvær dætur. ', 4);
INSERT INTO starfsmenn_starfsmenn (nafn, simi, netfang, starfsheiti, lysing, Starfsmadurmynd_id) VALUES ('Katrín Þóra Gunnarsdóttir', 4114681, 'katrin@Ca.is', 'Löggiltur fasteignasali', 'Ég hef starfað við sölu fasteigna frá árinu 2013. Minn bakgrunnur er yfir 15 ára reynsla ráðgjöf í birtingar- og markaðsmálum hérlendis og erlendis. Ég legg mig ávallt alla fram í því sem ég tek mér fyrir hendur og sinni starfi mínu af alúð, fagmennsku og jákvæðni.', 5);
INSERT INTO starfsmenn_starfsmenn (nafn, simi, netfang, starfsheiti, lysing, Starfsmadurmynd_id) VALUES ('Hafdís Guðrún Þorkelsdóttir', 4117531, 'hafdis@Ca.is', 'Löggiltur fasteignasali', 'Ég hef starfað sem sölufulltrúi á fasteignasölu frá ágúst 2011. Fyrir þann tíma starfaði ég við ráðgjöf hjá SÁÁ en ég er með gráðu í áfengis-og vímuefnaráðgjöf frá Landlæknisembættinu og einnig frá NAADAC í Bandaríkjunum. Ég stundaði nám við Oklahoma State University í 3 ár í sálfræði. Ég er í sambúð, á 3 börn, 3 stjúpbörn og tvo hunda. Er áhugamanneskja um körfubolta og langar að stunda aðeins meira golf. Ég er Árbæingur í grunninn en innfluttur Grafarvogsbúi og líkar það vel. Hef lokið námi til löggildingar fasteignasala', 6);
INSERT INTO starfsmenn_starfsmenn (nafn, simi, netfang, starfsheiti, lysing, Starfsmadurmynd_id) VALUES ('Aðalbjörg Helgadóttir', 4115964, 'adalbjorg@Ca.is', 'Löggiltur fasteignasali', 'Ég bý í Grafarvogi með eiginmanni og tveimur börnum og tek virkan þátt í nærsamfélaginu. Áhugamál mín eru gæðastundir með fjölskyldu og vinum, ferðalög hverskonar og körfubolti.', 7);
INSERT INTO starfsmenn_starfsmenn (nafn, simi, netfang, starfsheiti, lysing, Starfsmadurmynd_id) VALUES ('Sandra Marín Kristínardóttir', 4115876, 'sandra@Ca.is', 'Löggiltur fasteignasali', 'Ég hef starfað á og við fasteignasölu frá byrjun árs 2007 og öðlaðist svo löggildingu vorið 2013. Áður starfaði ég við hin ýmsu verslunarstörf lengst af hjá Hagkaupum. Ég á einn son og tvo stjúpsyni. Ég bý í Reykjavík og hef áhuga á allri útiveru allan ársins hring.', 8);
INSERT INTO starfsmenn_starfsmenn (nafn, simi, netfang, starfsheiti, lysing, Starfsmadurmynd_id) VALUES ('Magnhildur Magnúsdóttir', 4111025, 'magnhildur@Ca.is', 'Löggiltur fasteignasali', 'Ég hef starfað á fasteignasölu síðan sumarið 2013 en lauk prófi til löggildingar árið 2009.  Ég er Vestmannaeyingur en bý í Reykjavík með börnunum mínum þremur. Ég er söngkona af lífi og sál, syng í kórum og við hvert tækifæri sem gefst.', 9);
INSERT INTO starfsmenn_starfsmenn (nafn, simi, netfang, starfsheiti, lysing, Starfsmadurmynd_id) VALUES ('Diljá Eir Ólafsdóttir', 4117610, 'dilja@Ca.is', 'Löggiltur fasteignasali', 'Ég hef búið og starfað í Danmörku og Chile, var í Háskólanum á Akureyri í Viðskiptafræði, tók söng- og kennaranám í Kaupmannahöfn og er nú í námi til Löggildingar Fasteigna-og skipasala hjá Endurmenntun Háskóla Íslands.', 10);

INSERT INTO eignir_GPS_Stadsetning (Heimilisfang, lat, lng) VALUES ('REYNIMELUR 92', 64.146372, -21.961897);
INSERT INTO eignir_GPS_Stadsetning (Heimilisfang, lat, lng) VALUES ('BORGARHÓLSSTEKKUR 6', 64.157246, -21.042851);
INSERT INTO eignir_GPS_Stadsetning (Heimilisfang, lat, lng) VALUES ('VESTURGATA 73', 64.151794, -21.955355);
INSERT INTO eignir_GPS_Stadsetning (Heimilisfang, lat, lng) VALUES ('LAUGARNESVEGUR 110', 64.150291, -21.881527);
INSERT INTO eignir_GPS_Stadsetning (Heimilisfang, lat, lng) VALUES ('BAUGHÚS 20', 64.137744, -21.774671);
INSERT INTO eignir_GPS_Stadsetning (Heimilisfang, lat, lng) VALUES ('SKEIÐARVOGUR 29', 64.131854, -21.860808);
INSERT INTO eignir_GPS_Stadsetning (Heimilisfang, lat, lng) VALUES ('ANDRÉSBRUNNUR 17', 64.128232, -21.747126);
INSERT INTO eignir_GPS_Stadsetning (Heimilisfang, lat, lng) VALUES ('BRÆÐRABORGARSTÍGUR 55', 64.147660, -21.956887);
INSERT INTO eignir_GPS_Stadsetning (Heimilisfang, lat, lng) VALUES ('ÓÐINSGATA 4', 64.144789, -21.931897);
INSERT INTO eignir_GPS_Stadsetning (Heimilisfang, lat, lng) VALUES ('HJARÐARHAGI 21', 64.138549, -21.958056);

INSERT INTO eignir_Eign (heimilisfang, baejarfelag, postnumer, verd, "Brunabotamat", "Fasteignamat", tegund, lysing, staerd, byggingarar, fjoldi_herbergja, fjoldi_badherberga, fjoldi_svefnherberga, sett_a_solu, laust_nuna, teikning, serinngangur, sameigninlegur_inngangur, solpallur, svalir, gardur, thvottahus, hjolastolaadgengi, lyfta, bilskur, bilastaedi, nafn_seljanda, simi_seljanda, netfang_seljanda, "Starfsmenn_id", gps_stadsetning_id) VALUES ('REYNIMELUR 92', 'REYKJAVÍK', 107, 39500000, 21800000, 36100000, 'Fjölbýli', 'Góð 70,4 fm íbúð á fyrstu hæð í fjölbýlishúsi við Reynimel.  Íbúðin skiptist m.a. í stofu, eldhús, tvö svefnherbergi, baðherbergi og forstofu. Í kjallara er sér geymsla, sameiginlegt þvottahús og hjólageymsla.

Eignin er skráð sem hér segir hjá Þjóðskrá: Fastanr. 202-6026, nánar tiltekið eign merkt 01-02, birt heildarstærð 70,4 fm Þar af er íbúðin skráð 65,9  fm og sérgeymsla er skráð 4,5 fm. Svalir eru til suðurs.', 70, '1966-01-01', 3, 1, 2, '2018-10-20', true, false, false, true, false, true, true, true, false, false, false, true, 'Andri Lórenzson', 8486200, 'andril18@ru.is', 1, 1);
INSERT INTO eignir_Eign (heimilisfang, baejarfelag, postnumer, verd, "Brunabotamat", "Fasteignamat", tegund, lysing, staerd, byggingarar, fjoldi_herbergja, fjoldi_badherberga, fjoldi_svefnherberga, sett_a_solu, laust_nuna, teikning, serinngangur, sameigninlegur_inngangur, solpallur, svalir, gardur, thvottahus, hjolastolaadgengi, lyfta, bilskur, bilastaedi, nafn_seljanda, simi_seljanda, netfang_seljanda, "Starfsmenn_id", gps_stadsetning_id) VALUES ('BORGARHÓLSSTEKKUR 6', 'SELFOSS', 800, 43000000, 22980000, 26380000, 'Sumarhús', 'Rúmgott og mikið endurnýjað 80 fm sumarhús ásamt um 20 fm gestahúsi samtals um 100 fm. við Borgarhólsstekk á Þingvöllum. Húsið stendur á 8.642 fm eignarlandi og með húsinu fylgir einkabryggja við vatnið. Húsið er í afgirtu hverfi með rafmagnshliði.

Nánari lýsing: Um er að ræða timburhús sem klætt er að utan með bandsagaðri viðarklæðningu. Rúmgóður timburpallur er við húsið. Að innan hefur húsið verið mikið endurnýjað, m.a. raflagnir, ofnar, gólfefni og innréttingar. Tvö svefnherbergi eru í húsinu, baðherbergi, eldhús og stofa. Sturta er á baðherbergi, innrétting og aðstaða fyrir þvottavél. Eldhús er nýlegt með svartri viðarinnréttingu, ofn, helluborð og innbyggð uppþvottavél og ísskápar. Stofan og borðstofan er rúmgóð með kamínu. Við borðstofu er sjónvarpshol með svefnsófa. Við húsið stendur gestahús.

Hluti af innbúi fylgir húsinu.', 80, '1984-01-01', 3, 1, 2, '2018-05-03', false, false, True, false, True, false, True, false, false, false, false, false, 'Andri Lórenzson', 8486200, 'andril18@ru.is', 2, 2);
INSERT INTO eignir_Eign (heimilisfang, baejarfelag, postnumer, verd, "Brunabotamat", "Fasteignamat", tegund, lysing, staerd, byggingarar, fjoldi_herbergja, fjoldi_badherberga, fjoldi_svefnherberga, sett_a_solu, laust_nuna, teikning, serinngangur, sameigninlegur_inngangur, solpallur, svalir, gardur, thvottahus, hjolastolaadgengi, lyfta, bilskur, bilastaedi, nafn_seljanda, simi_seljanda, netfang_seljanda, "Starfsmenn_id", gps_stadsetning_id) VALUES ('VESTURGATA 73', 'REYKJAVÍK', 101, 44900000, 28150000, 41000000, 'Fjölbýli', 'Forstofa með flísum á gólfi og góðum fataskáp.
Svefnherbergi 1 með dúk á gólfi. 
Svefnherbergi 2 með dúk á gólfi.
Svefnherbergi 3 með dúk á gólfi og fataskáp með útgengt út í garð.
Eldhús með parket á gólfi og innréttingu.
Stofa með parket á gólfi og fataskáp
Baðherbergi með flísum á gólfi og baðkar með sturtuaðstöðu.
Sameiginlegt þvottahús í sameign.
Hjóla og vagna geymsla í sameign.

Vel staðsett íbúð á góðum stað þar sem stutt er í alla þjónustu.', 96, '1986-01-01', 4, 1, 3, '2019-05-03', false, false, false, true, false, false, true, true, false, false, false, false, 'Andri Lórenzson', 8486200, 'andril18@ru.is', 3, 3);
INSERT INTO eignir_Eign (heimilisfang, baejarfelag, postnumer, verd, "Brunabotamat", "Fasteignamat", tegund, lysing, staerd, byggingarar, fjoldi_herbergja, fjoldi_badherberga, fjoldi_svefnherberga, sett_a_solu, laust_nuna, teikning, serinngangur, sameigninlegur_inngangur, solpallur, svalir, gardur, thvottahus, hjolastolaadgengi, lyfta, bilskur, bilastaedi, nafn_seljanda, simi_seljanda, netfang_seljanda, "Starfsmenn_id", gps_stadsetning_id) VALUES ('LAUGARNESVEGUR 110', 'REYKJAVÍK', 105, 32900000, 16600000, 27350000, 'Fjölbýli', 'Mjög góð 2ja herbergja 59,5 fm íbúð  með sérinngang á jarðhæð. Húsið hefur mikið verið endurnýjað síðustu ár. Nýverið var skólp endurnýjað í blokkinni. Einnig voru allar ofnalagnir endurnýjaðar og ofnar yfirfarnir. Þá er ný útidyrahurð, ný rafmagnstafla og nýtt dyrasímakerfi. Húsið var sprunguviðgert og málað fyrir nokkrum árum.  Húsið er  steinsteypt og byggt árið 1956.

Smelltu hér til að sækja söluyfirlit.

Eignin er skráð sem hér segir hjá Þjóðskrá: Fastanr. 201-5987, nánar tiltekið eign merkt 00-01, birt heildarstærð 59,5 fm. Þar af er íbúðin skráð 58,1 fm og sérgeymsla í sameign skráð 1,4 fm.

Nánari lýsing eignarinnar:
Íbúðin skiptist í forstofu, svefnherbergi, baðherbergi, eldhús og stofu. Parket og flísar eru á gólfum. Baðherbergið er flísalagt á gólfi og upp veggi með sturtuaðstöðu og glugga. Eldhúsið er með ljósri innréttingu og glugga.', 59, '1956-01-01', 2, 1, 1, '2019-03-15', false, false, true, false, false, false, false, false, false, false, false, false, 'Andri Lórenzson', 8486200, 'andril18@ru.is', 4, 4);
INSERT INTO eignir_Eign (heimilisfang, baejarfelag, postnumer, verd, "Brunabotamat", "Fasteignamat", tegund, lysing, staerd, byggingarar, fjoldi_herbergja, fjoldi_badherberga, fjoldi_svefnherberga, sett_a_solu, laust_nuna, teikning, serinngangur, sameigninlegur_inngangur, solpallur, svalir, gardur, thvottahus, hjolastolaadgengi, lyfta, bilskur, bilastaedi, nafn_seljanda, simi_seljanda, netfang_seljanda, "Starfsmenn_id", gps_stadsetning_id) VALUES ('BAUGHÚS 20', 'REYKJAVÍK', 112, 69900000, 45250000, 55500000, 'Hæð', 'Baughús 20,  161.6 fm 4 herb. íbúð með bílskúr, heitum potti og miklu útsýni.  

Um er að ræða efri sérhæð í tvíbýlishúsi.  Komið er inn í flísalagða forstofu með skápum. Inn af forstofu er stofa og borðstofa sem liggja saman, mjög björt rými með mikilli lofthæð, innfeld ljós.  Eldhúsið var gert upp 2008, snyrtilegt með háglans innréttingu og gegnheil eikarborðplata. Útgengt er út á austursvalir frá eldhúsi.   Inn af eldhúsi er þvottahús.  Svefnherbergin eru þrjú, rúmgóð með dúk á gólfi. Baðherbergið var tekið í gegn 2014 er með góðri sturtu, innréttinu og flísum á gólfi. 
Út frá stofu og borðstofu er glæsilegt útsýni þar sem útgengt er út á svalir. 
Fyrir framan hús er sólpallur í há suður  og heitum potti með öflugum nuddstútum.  Bílskúrinn er rúmgóður með hita og rafmagni. Hellulagt plan með hita fyrir framan hús. 

Virkilega skemmtileg fjölskyldueign með mikla möguleika þar sem stutt er í alla þjónustu', 161, '1991-01-01', 4, 1, 3, '2019-04-18', false, false, true, false, true, true, false, true, false, false, true, true, 'Andri Lórenzson', 8486200, 'andril18@ru.is', 5, 5);
INSERT INTO eignir_Eign (heimilisfang, baejarfelag, postnumer, verd, "Brunabotamat", "Fasteignamat", tegund, lysing, staerd, byggingarar, fjoldi_herbergja, fjoldi_badherberga, fjoldi_svefnherberga, sett_a_solu, laust_nuna, teikning, serinngangur, sameigninlegur_inngangur, solpallur, svalir, gardur, thvottahus, hjolastolaadgengi, lyfta, bilskur, bilastaedi, nafn_seljanda, simi_seljanda, netfang_seljanda, "Starfsmenn_id", gps_stadsetning_id) VALUES ('SKEIÐARVOGUR 29', 'REYKJAVÍK', 104, 67000000, 42980000, 56950000, 'Raðhús', 'Gengið er inn um sérinngang og þaðan er komið inn í flísalagða forstofu, sem er með fatahengi og fataskáp. Úr forstofunni er gengið inn á gestasnyrtingu, sem er með flísum á gólfi og á veggjum að hluta. Eldhúsið er með I-laga innréttingu beggja vegna gangs, flísar á milli skápa. Eldhúskrókur. Búr innaf eldhúsi. Parket á gólfi. Herbergið á hæðinni er parketlagt. Stofan er parketlögð, hún er afar björt og úr henni er gengið út á svalir og af þeim niður í garð. Gengið er upp tréstiga á efri hæð íbúðarinnar. Á efri hæðinni eru þrjú svefnherbergi, öll parketlögð og hjónaherbergið með góðum fataskápum. Gengið er út á svalir úr hjónaherbergi. Baðherbergið er með flísalögðu gólfi og veggjum að hluta, innrétting og skápar, baðkar með sturtuskýli og stæði og tengi fyrir þvottavél og þurrkara.

Bílskúrinn er með lökkuðu gólfi, rafdrifinni hurð, rafmagni og köldu vatni.', 158, '1963-01-01', 5, 2, 4, '2019-04-28', false, false, true, false, false, true, false, false, false, false, true, false, 'Andri Lórenzson', 8486200, 'andril18@ru.is', 6, 6);
INSERT INTO eignir_Eign (heimilisfang, baejarfelag, postnumer, verd, "Brunabotamat", "Fasteignamat", tegund, lysing, staerd, byggingarar, fjoldi_herbergja, fjoldi_badherberga, fjoldi_svefnherberga, sett_a_solu, laust_nuna, teikning, serinngangur, sameigninlegur_inngangur, solpallur, svalir, gardur, thvottahus, hjolastolaadgengi, lyfta, bilskur, bilastaedi, nafn_seljanda, simi_seljanda, netfang_seljanda, "Starfsmenn_id", gps_stadsetning_id) VALUES ('ANDRÉSBRUNNUR 17', 'REYKJAVÍK', 113, 52500000, 40880000, 43900000, 'Fjölbýli', 'Gengið er inn í parketlagða forstofu sem er með fataskáp. Við forstofuna er annars vegar gluggalaust þvottahús, sem er með flísalögðu gólfi og stæði og tengi fyrir þvottavél og þurrkara. Hins vegar er gengið inn í skráða geymslu, sem auðveldlega má nýta sem svefnherbergi en herbergið er parketlagt og með gluggum. Þrjú önnur svefnherbergi eru í íbúðinni, öll eru þau parketlögð og með fataskápum. Baðherbergið er flísalagt í hólf og gólf, það er með innréttingu og hillum og baðkari með sturtuskýli. Rýmið er gluggalaust. Stofan og eldhúsið eru í opnu rými. Stofan er björt og úr henni er gengið út á góðar suðursvalir. Eldhúsið er með L-laga innréttingu, neðri og efri skápum. Parket á gólfi í alrýminu.

Sérbílastæði með rafhleðslustöð í lokuðu þriggja bíla húsi.

Sameiginlega hjóla- og vagnageymsla á jarðhæð (frá bílastæðum).

Nýbúið að teppaleggja og mála sameign stigagangsins.', 119, '2003-01-01', 5, 1, 4, '2019-01-20', false, false, false, true, false, true, false, true, true, true, true, true, 'Andri Lórenzson', 8486200, 'andril18@ru.is', 7, 7);
INSERT INTO eignir_Eign (heimilisfang, baejarfelag, postnumer, verd, "Brunabotamat", "Fasteignamat", tegund, lysing, staerd, byggingarar, fjoldi_herbergja, fjoldi_badherberga, fjoldi_svefnherberga, sett_a_solu, laust_nuna, teikning, serinngangur, sameigninlegur_inngangur, solpallur, svalir, gardur, thvottahus, hjolastolaadgengi, lyfta, bilskur, bilastaedi, nafn_seljanda, simi_seljanda, netfang_seljanda, "Starfsmenn_id", gps_stadsetning_id) VALUES ('BRÆÐRABORGARSTÍGUR 55', 'REYKJAVÍK', 101, 29900000, 14800000, 29050000, 'Fjölbýli', 'Vel skipulögð 52 fm íbúð á 2. hæð í þessu fallega og mikið endurnýjaða fjölbýlishúsi. Húsið er hannað af Guðjóni Samúelssyni, húsameistara ríkisins. 
Íbúðin skiptist í hol, eldhús, bað, herbergi og stofu. Í kjallara fylgir sér geymsla og sameiginlegt þvottahús.
Íbúðin hefur aðgang að stórri og lokaðri sameiginlegri lóð með leiktækjum.

Nánari lýsing: Komið er inn í forstofu. Eldhús með eldri uppgerðri innréttingu og flísum á gólfi. Stofan snýr út að Bræðraborgarstígnum og er hún parketlögð. Svefnherbergi snýr út í bakgarðinn og er það með parketi á gólfum og skápum. Baðherbergi er flísalagt með sturtu og glugga. Góð geymsla og sameiginlegt þvottahús í kjallara. 
Afhending við kaupsamning', 52, '1932-01-01', 2, 1, 1, '2018-12-15', true, false, false, true, false, false, false, false, true, false, false, false, 'Andri Lórenzson', 8486200, 'andril18@ru.is', 8, 8);
INSERT INTO eignir_Eign (heimilisfang, baejarfelag, postnumer, verd, "Brunabotamat", "Fasteignamat", tegund, lysing, staerd, byggingarar, fjoldi_herbergja, fjoldi_badherberga, fjoldi_svefnherberga, sett_a_solu, laust_nuna, teikning, serinngangur, sameigninlegur_inngangur, solpallur, svalir, gardur, thvottahus, hjolastolaadgengi, lyfta, bilskur, bilastaedi, nafn_seljanda, simi_seljanda, netfang_seljanda, "Starfsmenn_id", gps_stadsetning_id) VALUES ('ÓÐINSGATA 4', 'REYKJAVÍK', 101, 44500000, 21820000, 40700000, 'Fjölbýli', 'Gengið er inn í parketlagðan forstofugang. Á hægri hönd eru tvö samliggjandi svefnherbergi (annað þeirra stofa á grunnteikningu) og eru þau bæði parketlögð. Í öðru herberginu er fataskápur. Einstakt útsýni úr svefnherbergjum til vesturs, þ.a.m. yfir Snæfellsjökul. Baðherbergið er flísalagt í hólf og gólf, skápur, baðkar með sturtuskýli, stæði og tengi fyrir þvottavél. Rýmið er gluggalaust. Eldhúsið er með L-laga innréttingu, neðri skrápum og efri að hluta, parket á gólfi. Borðaðstaða í eldhúsi. Stofan er parketlögð og úr henni er fallegt útsýni yfir miðbæinn og Hallgrímskirkju.

Sérgeymsla, gengið í hana að utanverðu, úr bakgarði. Geymslan er óupphituð.

Sameiginlegur garður.

Húsinu hefur verið vel viðhaldið í gegnum tíðina, þ.á.m. var gler og þakjárn endurnýjað fyrir rúmum tveimur árum.', 82, '1926-01-01', 3, 1, 2, '2019-02-26', true, true, false, true, false, false, true, false, false, false, true, false, 'Andri Lórenzson', 8486200, 'andril18@ru.is', 9, 9);
INSERT INTO eignir_Eign (heimilisfang, baejarfelag, postnumer, verd, "Brunabotamat", "Fasteignamat", tegund, lysing, staerd, byggingarar, fjoldi_herbergja, fjoldi_badherberga, fjoldi_svefnherberga, sett_a_solu, laust_nuna, teikning, serinngangur, sameigninlegur_inngangur, solpallur, svalir, gardur, thvottahus, hjolastolaadgengi, lyfta, bilskur, bilastaedi, nafn_seljanda, simi_seljanda, netfang_seljanda, "Starfsmenn_id", gps_stadsetning_id) VALUES ('HJARÐARHAGI 21', 'REYKJAVÍK', 107, 61900000, 35450000, 58200000, 'Fjölbýli', 'Komið er inn um sameiginlegan inngang með íbúð á 2. hæð. Gengið er upp breiðan teppalagðan stiga. Komið er inn í parketlagt hol með fatahengi. Stór fallegur gluggi er í holi. Inn af holi er þvottahús. Stofurnar eru tvær, samliggjandi. Gólf er parketlagt. Mikil lofthæð er í stofum. Góðar svalir til suðurs eru út af stofum. Eldhúsið er inn af stofum og er mjög rúmgott. Gólf er parketlagt og innrétting í eldhúsi er máluð. Borðkrókur er í eldhúsi. Lögn fyrir uppþvottavél. Herbergin eru þrjú. Þau eru öll parketlögð og með skápum. Baðherbergið er flísalagt. Baðkar með sturtu í. Handklæðaofn. Gluggi er í baðherbergi. Í kjallara er herbergi/geymsla og aðgangur að sturtu og salerni.
Íbúðin og herbergi niðri er með leigusamning sem er með þriggja mánaða uppsagnarfrest og getur í það fyrsta runnið út í lok júni 2019.
Frábær staðsetning í Vesturbænum. Örstutt í leikskóla, skóla, sundlaug, kaffihús, verslanir og þjónustu.', 124, '1959-01-01', 5, 1, 3, '2018-11-22', false, false, false, true, false, true, false, true, false, false, false, false, 'Andri Lórenzson', 8486200, 'andril18@ru.is', 10, 10);

INSERT INTO eignir_Eignmynd (mynd, eign_id) VALUES ('https://lh3.googleusercontent.com/U6gKJZOkvF4Rk2-osvuOc6mAjqLFFTzslIyjtDBH4oEIWrwivo8GuA8SMY0qYaaHYHPSiOzffmorn52vyNghl-F0zn5h663NX2872Z5qmRdGnciURtZMb3FsyM9Eq52N1FpijnfiZJk9GPGTyEo9xb6QgfLLPeoyizLuKnuzu2rZ52x--0dREzg94ICYSUbkLzJp-MQf4ElLi1DNVUy9Hg_DEpd6PfzGNThxTxnKvfW-daXOk_F1VBaEs3pQ7b1p944r2r1gNKjcm6j_A7eSRtQoGTVfaO_jiLZu9xi6kHEl-Y01ZUREJum9wVIKEi2yAC4o0e8MpO7twrVQk02EymKMll2emJ0wgZtXPThSTD1Mq5J8CNn03KZoiWH6gJuv_-CxUS_7464Yw-hfDooIb1PJ-nBbMeBJddgsSP10C2KmJCp0zFzKumzHo9b4ZFVv0w1KKqPj2VVCLNgm_o2YUKpj7PF_CJpm1gBRJEQ0EKX3v86iARGDPWF0by5h8i3whbbUJ_4RkACtMJg_gyv2_eesj_zw47I96vQ_EU1rmD0EC2A4RtZ5wD--wJPUBLm9bW9ByPVBvwcN4Z14vOZVevg__RKqCJBVDZg7bbe4LzqZHyfAn2ji989Qh69qD6wxLjgXpTOdm_zVJWPn0MOtTXrhbJu2s6U=w1024-h683-no', 1);
INSERT INTO eignir_Eignmynd (mynd, eign_id) VALUES ('https://lh3.googleusercontent.com/99OIrjLtZTHbpXB_3S3of_56dE1zfGcpKq80aLHXvi3TS1yHIBQPVQKh69BV4UjIR9l12PU-yb8q4069Vn3GxANbDae61s12psBmKUpq2sfwjhx_F66Zk0udVCVvwCdwfr9x-8aWx-W8XvS2k392aiPi3VOtllIbd42ZyaPaaPVMNf6sfBhKJgKuMbLKS8aihpgl0WHxgxooJvfJDKhuYqYhBRtYf1k0xB0BA-DVADaXUWwV6f8RGLhFbiaziFRsmSwvnrZxYyINfqpgzdFDgfxYjfhX62e_uBQGofA3y6dN7BucAuTAZwZmTdCEPHh_iy6Q0Y2xFCcq8C0zSRYZWVNyLj5sdKYO0YIpigyv_eguaZPfyVAqTRGgC8fRVAdLHHPGCOV_eVScKroxI8TtnLlJtHK66GoiCs5SA9BjOe7ud_6grbiH-N15VJB6MJHDj2zlcKT6iwn-hhBGUwMCF5F6MXDw-I55-cdrXzJ48Lg8DUKjpeNpvl3VEyEx8Ns0Ui66RtTikBC9kt6QjpXJtqMFSkTvH21pw_9IqWUKgasHf9dovSdWVwNxmM0ACbdgybL0y_xsmNcJDk2w3IYBn-TKx1cbCwrj0TMf-v810L8KvQLSR3YOhCiGqzmHTaO4gAPrGU-Y5yfRVycVcNCsOuZdVa0IuhQ=w1024-h683-no', 1);
INSERT INTO eignir_Eignmynd (mynd, eign_id) VALUES ('https://lh3.googleusercontent.com/5v-9PT1EMMc2T-MZzzigBd0BKiAmzJpHiAjZBZDQsx4Hjm6RctuVh6RdPBvseVY03irOD8IOoi7gRwMRDKNmjagSdAp4olfRvx8CKaN3jZcTPQJok4paAOzVPuFY0Z-juVgU39fcf-BfRWO4XFScC1raouvufRNB6RGlbvdXVY3y--_-lH4jrdrRTolsB0xuyLtIUKPSSVlAdjmVPSDM6kYrV0GZugUNIbgDFQQn8qKUyLpoTlOE0K-WdMRTPH9l-x8ys71ytFn9ixkcAA5Y_VAB1C6nD-zDvBxH0sFq6j2asl8Grop9PBC-YRxEO2djFRHOd85N9Sb2x75L67Nl9-ZXUeQU5Q8lsyyf_IxKZ4YIC6gIawQZwSeRCjt-z9CJIiBrRQgTVcKIHJM_k8SYJX6m4Ra_PICJ_JdWQzLM9TL43R7Wh9TcjTTUDcHQWEvuEfoQQ2e_piGuWGsg3TfHp35eNGRF9mkITDX6S3XEBWCKGZB0jn3EbLmuKjRMcetXqZkXsZ0EiYxvmuQxFD9f3s74kvepzB7EK_naK1t-OfR4dkLo4qtQ94LNgl3faNIlUhe5UHxBEBPMkxklyRTh9JKBLHLFkGS-h-aoQF2MDdChF0l9INeA34T2Lflq3Ix5v9DIDP_S8NkTliqxYIYQssIG5BAXWZE=w1024-h683-no', 1);
INSERT INTO eignir_Eignmynd (mynd, eign_id) VALUES ('https://lh3.googleusercontent.com/CDuUiLLC6PnC9I7UZ1BDsYI6lhsMAy3SJQiln9Gi7YHsBoREj5aVCnDYtqOMED9Wtk5Ug12wgPfETIg-nYpIw3Gqy8ZG_1YpaF99P8u5Be_ddTpy0LqifRcTVLK7OCHdTCaKcyN4qGlyAfW-2KzaBdvLzy7zWGKhlKlftrhiHP6IqVkUcQ4d7k3t6nA7WVV-1pvddA_xD3MNEs9ZxSTLE8ZZrzpEhy8BCorkjyEMhKHHt9PRybJTK5QB4sQyVx0dcm6Ki9Z9sMGHu_8KPDj4AfzXP90-1AyfsTnc2yzCxl08b6dgk-cAeDJ68TB0JlegwVsaGL4YXUnBvbUWj7wQH8BixTQeYx08iXOVTxLHXEv7KCuxNX0agHuezapbIY8HhrAQwkqymNTtUmq0H_d5cbfHUOTjys3UP_ZvAFTWd57k0-tZZ0AmlUWis7f5RGb9T1wMOt7JCW5af0nAZWOrFjYj88_AblqsdyWjIoI0zpmaQQfbuGWlQzzUrdY--noAbcutn7EKlMKx5BpghtRjPh5bPXHZRsqECBVSpLSqXm2t9KfCOxcd_46LcapI7Imq6FBqekjOz7vwXk2OYlTmzLZfNL-NT1TtX14nXW3JDT09W9nWd2Wwz5NKPsafEACy_NWN3if4Et6qy8NT_Y7IKB3bUNiF0yg=w1024-h683-no', 1);
INSERT INTO eignir_Eignmynd (mynd, eign_id) VALUES ('https://lh3.googleusercontent.com/M5NyylMz3RzFkABlj5Vplh0723kVujsGnsexCKQVSC7uwdJyliufKPyDkx-9zfO0Iw-O1vGFTiBA_e3geO049jAWV7BCW3v5ijFuDk3J5xb1zDbUaV_NzOYJt3AG-HbBe2MsPW3VAnn84TnqDvpdQZ9bsldAAUNNcZxKiKFFYUEVmmvjWj-96ekgo2l0s031xA38CNMlqH2sKzGPmUSs6lkTXYy_6IUmZmdf-61TdKd5KXR5VY_sMOu1gAbYQWEk6rv7El6nqJOoPKulQro-yn3Jzp5Uun7oh7q4DFVn-z1AoHYmydWL0xnss9ub6FI_VC87tDn6KWEjZY8Ik3uhEqs4nPl8glu3Mt9hA2gyKLIN7pZ0sCD4_NC1JMx2BMNh0x8A_oqZIv2SFErRy6mQ0I_C19jy8ijWryNCsMGoHfrdH35PbuSR0fWxWxuy6GyUt0m7BvEY9UdbddyZLdKAfviJi1m_nqjmZPCRvFsKFZ08ynrxZqKzKjHf-el8Jn1J-7-lgpfoERwlsPv_EbuXGMySM7LQNGWTsGIfe5_hwLqiB_f-pAGXPfvXooSpaQxP8Qn7dXMhA8uhure2oqiHP6_gd1SHxI2Kmgx5sPNHgpeQ2sBuOItLVsrqyPw02FJJUTz1sAiCcqrMdL34B2oTg9aUsHVUQlA=w1024-h683-no', 1);
INSERT INTO eignir_Eignmynd (mynd, eign_id) VALUES ('https://lh3.googleusercontent.com/0nSRNhleN8HVWJZIU0nvlFJ3yQo8864vgcHX2l1f5wRgpA0PDmTal8oorGc5J_ur5i-XQvcRR10_6J08HsldSC7OwKYAyBpC1Z7Obv_dWSEaysSGugID7h9oH1AL59hdvZJktTJQdLYbTbr8FHH4lq26MRNZWwrpK4f4W-939RFf9Abqz_zPDLLhrKkzjtvGRtRBXIO8fKPsVGgMihxIXwe3dx8YFB_CXLRcNplh4PD5u9JpBcwUZD0ATAKWZknov7ws2w0rBcJQEoVlxWtYbWPeo2cC8xdOcvvh4143HQUD00ZqCwcM3OZwuArV9DjANB4S6_txS8jyyO5wTl5bmr9vuYPBRsYDk41Zp2Ft9ncJWiZWVQzfnZdg3bDKEX478ubsx0kQJ8-lgrh3tfrdZBQfamLbIZfPxEQYrvVMiaHkYXinxlsazqrBwSIYCfPZ-cEdZSm4DtiBwU-tlre94ze0-zi2hjrvYGYX_QBVKr8Mc1iYqdFs1s2N2NBqJtI1Ir3RvhEKRd8KtK_1VTsIyId55pkJK1hvoUfr44uZ_sGiu0Kdmv3YIVUmydGxH8atqa3Hfi2sapebqFStR7agUzRgjwNadwGW_Zio_8aplAeL1WpZMS_hRkKwTdcTFWUD0JTuCrbwl_S5XfPZzIDUmy7UB9oyAuo=w1024-h683-no', 1);
INSERT INTO eignir_Eignmynd (mynd, eign_id) VALUES ('https://lh3.googleusercontent.com/DI4W-3T0n3gYYWUd7YOjcd9WmJI7QMI0TBvDOVK0MRiLhXTBb59mTxpdMmcjUfNGrmeIUtKaIDK9TVuKbovUbrEEzZg0douAM69P6lQYJjCStlS3AqBMs5PKHIUr22CE5Y3-zJDmRDTYQ0OX9C-VLkZE4GUgjb9vP4_5g09-Lj-09HOGg2BXDuQd4JuW_FIV3KEZHEr0mZ96tnVug8hPIGY_lDaUsvpViGgJ879-jHwBuam2Y8nT0TpRDKLLy1GLvzXQCgnE5y7Ua-L0rCZ_6NabefN8Ir_UUeIE7G9YfPkcMFxr8wNRg2WJiTi76UjUu8doMoim4c-g-JuXNUFlJHbxqoDEuFhf3a0pwjZclVjLBShtI7fJ11FJTCK5oKepd0upi4BR88qR8g5YIg6hd3ej4qE9I2ABgMOtJXutixtncn3zh6TQr9yoPALYFp0z9BBI0zn88hFBQorimH_xwO1gx7iBUCck8DXCnH_EhPcZsaMM4SZEesp8pey96WS3UVcPPRkrGtqqYmKAjCljg5uFCIm0vwri3BV-f9SRj5UZLekeTYtHgyfnS8orJK2x2jO_0Szu8kUC7iKR7wV_iBW8AuUjhn5SmmBKzPrztqhiJU3bE7-f6vc7unr04c4uSunm-Q27Pz7i0jbUvUD0a3AlwAAm1sI=w1024-h683-no', 1);
INSERT INTO eignir_Eignmynd (mynd, eign_id) VALUES ('https://lh3.googleusercontent.com/IJDAvxXsbm-6As5QjjwXBrYXBrYvnKpkI9p0FPSwpRCCmnuqoPTvTqTBI_W0lJfyQmljZ9-pSWC9ZiMr31lxASbjbX-oKcL2Hf4jTvT7Pdjl2P5012NZskMIsCLN8K1Noyk9AzGMja30boohOOjMDjITesX2zEsVfumNhXHj-6lMreBM5cbeox1FwqYlAzYHHOJjkMOYvSOWHoTHQ9rGVPjW2lrj0If0Wk55StFTlwWWJA2_mwY0OsTCTgxVvWEpyfqmx8ctNgZ3Ao6N1Uxy-8gzawzBRwLq5PwUs9GGsZRWWsPzDORt7N9EN-VcQRvC2IaCcQCQ9pQ7ajyZdX9GdYvtJXmOFM5TKkNJ4p8k8v0dP4YsFv8cGxFrhZ-VAPj2WXfKbxy4lVZfe3nJj8GjglRCwD1ksqSQC-l3iJxEdjT5wHOw5ONd__t4QmEMDacB9BA1uTFPxJ7CFjohaTADWmePbOkqdG3FhxAVeU8ifzj_Vlxz2W6iuO26Yv2ACSOiIQxe8tBQubAHpvQ8uYiF1tEYWeLkek0e7BJcOpvJ_ZM7q4eowoIor0sMFrW0Yz1Ii5Pn8LqI_mI5YBi1HIEDBgEjSW2S8Mv2yYwWpIyUW7G6c7xGpN0yoFTFDyYjNIxDpPsGD28zEbfNTClcdvtDy8222llQqzQ=w1024-h683-no', 1);
INSERT INTO eignir_Eignmynd (mynd, eign_id) VALUES ('https://lh3.googleusercontent.com/bVVbxZp2UOpnWoZ5X98lxSKNFkIM-vJiAmW_3yaj-lqaVub9rjV0CrkkzIBG3cMCIUee3Wq_6UXEBAcfHjPQfVJRqPV0EoysSSHHttsAYtlpN_T8jTS7d0kOD0Yq_FvQ6rAbep3Bifx3-Io6Ev8HVEqWDSCMOrKAbxcXY5sgCjmvt0VkaXQgAu7FSglBZwwgUTZ0mRT2Qu4uJ44sYw4bnHc0JmgWLXu6xSvTaVN6kmV_lS3i0R7UVcBnvUqotjBr-Rn1bD0vsj3DuPuJmRGmFoH5E4QvLn8zwXCX3YDRfRX1cUDJ25_NALWKxG2wxRmNsMP0c34FwTm1_cHBroLunlMolHIofLoqXq94CLMi4mD06h8cWOB--EcGkUpvHhZnqMn3S3SjAAHWMTRHXlsbYlpIIXYEVzNDZnSJwP19dO89rMMAYuJkBby8YFsErRcXFS40aAQz5ZyTpwzBog3mGVnuuDtUxLPSuMLUaqTzGI36_35VkhauoslI8nrXvCZ5fTYUoJbrWiEJhRQXevBkx2os5yuR7sWTasW12fx9DKrx-4LZylqCqin5QqvgWjqPdv3klj9cm0oN4GBtfb00ZMDaeaWrtwsKTaQvz3MedHPRNXzhnJXEH8us2zAZCr-mNxpQ2QZxxXvzPUGO_JeEGhnvNEjQdv8=w1024-h683-no', 1);
INSERT INTO eignir_Eignmynd (mynd, eign_id) VALUES ('https://lh3.googleusercontent.com/AUd-7f6oQ2saQ0I8epTcQYuxCbwyQh1deIH5_TmSci3pmNjcUnlCl-n86kRIAKeO_Oezyo9F68RerHYxCB2l8Ft30cSFIyn8cwdPO2HkyWcfeJebpe-VqoSbvkFEeDJU8530u15ab5VUfJxdNnMP0EiTyFMZp6cUQfzuMP1ugH-LAYJUu4lLd30Hq5DSUalXktWERdgnUfkbQb1Pg4xdnC4_2-yRYDC8k8QsUpLI9OUF1qezIkuysHDvF-q023xJ9lWdkJ1zXxY7OxV2fCqG-iBAUe4vAagtN4Vv3mOKeE3xKSTDwOZ60LuO9vOoEo_XXQtEaiC260qQBZo30UH0GGnpdiq1w9nolleYwqeDynTGX1kcKc-vCXw-i30EJBQvZ35uKEEZwquCHrPhyKdpT76-eu23nFxF6C_Go_X-7Y4IcnNCs0XzP40OwnU4pDPWwluMkWa1xGSDk1joeCXtSB12OFCpPifq7DPKENzO11Le8PcvT6oJQteMc9YmlpmY7iUEz23prlQnGc6C8aFrmJjdRn2-o3mBD6FoRgWXbHf_NxGBmAYmus5AGiH4gVQF59ZT8P1hfuByhv5H8UIIVslF2XNlv7flF_oMKBeAqPxi4zxDCgQJg_llIa9GfdPzgX2h5nAG44yg3fp_da50u5t9uFX078Q=w1024-h683-no', 1);
INSERT INTO eignir_Eignmynd (mynd, eign_id) VALUES ('https://lh3.googleusercontent.com/cVbIy7GwHiuRtvjGR2TFhbtEb_6ZJKdGRdL5ulvuDEzU00sccYlptHeXjvOP_azGOeM0ci1RvfTjoGFLbMdJIu-GcnkWK5wao3AJLALvLN24q3hrENoMQnPS2U3GNqXtW7nOKgqW_fKey3iU_dAUizqI68VyiVvJ4PBQZIeHMKAsBnNw6jzmlftzwlmPaxVVHlJhbDgKCk7Qp4W1J4WObiC2ACzOZMwCQWAiC2NX6xlTZx9rq9lYOKloCCwlpfdApC0FXNKNlZ-KptfXuiyl9LMakRY9fD9iKhE3O2TtmCmtgKjEamgbIDw0eTrg7mf08sxQG2YQVp5IAoiHhAyBIUrUZTPfev9FeVBNrASJsdO6LCpxLIAeOY2B4kuLYQ2N9ErysmfsJ_2t-0sR9uLC3Ovkldm6gavdf7A9nSRN1pJAU6IsxQBaUQb0tHYkXYWcR80_dmJnzdYUpyf3GBZcpWfBj0mIPKTDzWDjL8XEWF2JL38gV_RwEFjlP6K2iqZuEfAxX-O1ZqdskzCFg9ipA46WBydQEBmXEYSCDvviqPtgwyc4hX2qAXtXjRbWEPbnQ3HwRwyPP7aILQepUjMQ2tR1mgJDtexH2ANpS4BGX_488ZSn_ZdZfk1cFSRGxxhoQ1Bmx6-5CKKmOpVnGyu4QErbG0gyRhM=w1024-h683-no', 1);
INSERT INTO eignir_Eignmynd (mynd, eign_id) VALUES ('https://lh3.googleusercontent.com/wLw-OSmXb1OajIIUQLOA69ZAcuVy4hGGbu5ktIxllWVw4xIwPADF1zpywHx7jFUtb73JNXH9urhjjUmqN9tlvv6rqbHXQrFk7-hZGLvm55jqID4cg9fnIAfPPiR4Wg2FPji0LESWGOs6Swtumef8hMcKfubAwM4iBNxHPoO3qTIfOee8GbAWrfaDghTjr0Hm4qu38wf1iry5s44YYTYTtkdaJB0G_xYU7bEozoOaXZOmbv2VWyWwCTXaSZAHx05qPX9fDXY5zxwZogKeZ2s-fFijYBtjsbYWvCCU-GDQ8HzpKGIizlheyM0hRzLg5P5loGpzOr5dWaieEwj34S02oXBImYZBe-ZkBrGLNTuc33g52YZPctyagd2x8LZkiotDdRFoOd6D9yLbxBkZa-G5FfesjqrKVflJlNj1DooA5D-ugCs5NpBOozdAIQukdgF9EiGyyubEMiAPtlR2T4-Y7p46Kv5jzbrlBmfqBlXFgoe3R7FzynY2oYqc4Gh8-acvL_qBpOuc9TcyFnpArx_wbzcrOMq4SO8MN8MaV4ttgpLp0P5WVv1qEYgD9ergoVPpQUuXh5LtGS4tvatZaLofIDjwksPtXYXxBzm9PkLHmM4wJ9VRRHytI5g2K20c2ZjwFstdK8-Y8a2YiFoVpbnPbfFRLpEv08s=w1024-h683-no', 1);
INSERT INTO eignir_Eignmynd (mynd, eign_id) VALUES ('https://lh3.googleusercontent.com/hSIDRblzb0fICybVIoOvkh2yCj0D90hvPreBRBFy7FRyc6wqNXSEZJRXAPmv9CkoqcnSZeoQ4QnQOlC-EFyxo8Opx53VbQfNcmIi4t6Y7rMN9gDOb0NSxUsm0yjKqZ2dg__GnHCoNN0rIrE7T8AUt02SxfvmVpp8Z6eNQb_KZaUZR54hIeJ7atFzusCHz0El6lZBqzYWmNFDSHqeID6xvfW_h2kePVpMkv4mhIaG2zXX-dn5Yxvq7CtY5GEQCX7antPl3qrKeq9EhN370i3gDZuBqriywHvmraUR2cVaXARki6BzGeSTrrfr-1AXGm3H_wgz8MyAuXF5_geIXOML_v7v2l6SlkB5WxU_wn28Aw_Jznudhjw1QaHq-6dxMF2PNnv-2JoLUc9lrFrfBEs3BFShv5yyj0CZC_0ndeLRr4EtoCZBe9KwrbS49IBa7Z1w0NgIK-c8zWxZsnBHcEdGcOAJ37oa1yf6zlin_6lKDy-QJIJH6qlvMZej9PpzX41AGkivYfdv2pn7_Poft_Lm8Fn5O4GLqD7DZWOwkDXKL-Uy-_hcVtLMwi3eJpeA5Hq9NrcmcsbHTWk7kvfuB8o_GcXugCLtnVIj0MJqefvcD8iiYwHwu-swEkXNqzWO2tjgVkP0eG5KfNPcKw0Swy2aJFzO-OcfFxQ=w1024-h683-no', 1);
INSERT INTO eignir_Eignmynd (mynd, eign_id) VALUES ('https://lh3.googleusercontent.com/5lBMn_XFc22wDAdhfV-AkjzaGCcHF78YPkDCkWoKD_N7-O_9cjix48SbVXRjD75d1NN7d0d6uPzNIEnI_nRJdhVDgBw_mTQudeqav_Qnc1NsLJvTxRrpXGAc2I35Cux0X7Ow69fZ5ORhAzFGkg3ltMX0e3myqhVclcPqXeMLFl6OumJlm8FlBpcUkuTEeekOZynMCI-4R41NP6vMutlDZX9aW7mgTbHULj4G97M_kgLvdsDJFbIutuYEdzauFKV9auiOxKWP3TxyxlPmTzts4VPBk51ShShYieWozue0xAf2K-1wZPAtj-dourVrL6-4isLV3O-Al744QdacjvuAKrbFSYfJqSduy_nuLap_6vHaUbLj1m1J_2nnwGT78B8fW4zqpVadh_pvNpHA4aMTtFG1_2619uUDMzxOkFSkL0PzMUVSFcA5HbN4PH3OQJ-Z6UyfJtZEELYQ-lkOtK-qmrCMxy3zU6Z3Z2PKwsQAOumAnW3Ov8rjBry1kPIX6yWunjkblW6apFZPnYSfKm3Quv0wB1vy381kyUcSJP_DqHZ6ucnmKzfY12SBIMKHXh_Low1lvpyFj2JSlh9uQo_F5neI9v7cdnFxMg9iFN56MPL3yF0Ge9TkHL55CfInTTOH9WlVlosoV4nqyu-Qt4bJlDYbwWWF0jM=w1024-h556-no', 2);
INSERT INTO eignir_Eignmynd (mynd, eign_id) VALUES ('https://lh3.googleusercontent.com/jmNbsZidjbTYKkiI_RQyJGo-sZSQ9Oayo7Uqvt3CVlOW1d8p_bZJ1-MzmnLKBK9mExsbJ3Ha6aew_8EKSqoJYkVfb_y_uaFldMLhr38GAkOdZU3xtT5YjUZKtTUrajN6SCDLvHzQTLW95DnxTuS562Z_qRK26zKuzooqPhWy7X-RCL5mKVOcuOj5RMkZ614pEtCVQZY3OQ5iKSRP7fHAhYFSGRNDcQvkXSVztTQJwF2gbTibLAH_rc4d1aAUThbnUYLU1pn5cy-Hd5UvEcoap67M8PkaIoIAIMK0Q_7NUknG4WJal714rDVp8z97a87QzM-RiY8n8FTGfSt6b--vFwwfczCGRDJFsAaKLjeu8zoX6TTTUsOiPi2KEl3KM5uVSDO-3po8bbI91FTXbfmjDChnoEAq0u38z21Sr4J-44eOOPtlXEepr4AHDgV2dQNjbC8wtD-bl9NlH0NYgQZcX9NHimnBrQbQOwRh-sB9oICFqJsiXCLuVj3m-IkhEYebdcztEl0UdYPtTM-0fdjUTTh4ynPC6BQXv1oxYahS4EjmkHFyhpwGte_KNICFAuu8I8rD5jv1QlGmD6IgVIdlynodefV96zuf9EfGYjPIP1fBrT4ZJobKPfrFkJJujkYdYFvF0Ou7CGMbwAngvre8dbzwJ6IAd3I=w648-h969-no', 2);
INSERT INTO eignir_Eignmynd (mynd, eign_id) VALUES ('https://lh3.googleusercontent.com/4mSMGkyNBARRtaCxao054r890C0CSXp9woJxB9gRmR2ix-HudnKmA-MDeMrwZqlPSKQTzB30y0OWgtlMvms-xi7bOWmNniqqtgqf01O6tzGExqt4ZBSvE33Jb9t3nf00Hfaa5GuCgnujk_KSriNwzJ3QWfmdbzPl9LjldvL7zDvyo6PH5pVC3DRxd6rmrtbZaoaufYq5_n-KtRnDmQeg_3zYLrVUvZnzCe0JEX5gX7-R2bLoBJNVBHmv3gmrBRsM6nejJhBgjqRBJgFgj7wsa-cGb53lPl-U3uykKEgpSyugtC3LrsBgez1q7m7Xco8IpOFXOCnXyfJBWx1LOD6HsDcb7Y17ewTh2rLu0r2sQWvO5cYHP6WtUxme0FclWI075UJvm82uTGfNmP5de5WArAbBPp0aEJ9piBvXATLIHgIJv6NBvDMz1QWFfnveYTOZ_Xj1Qna0uf93jvj5vXwELFb-704MIXgM-1l8IZZHMG0ouUGrV3hP8nNkmJYKstf1TZAc92yuynkj0976RXXXjSpn3gte74fwF3d5y7PfJwWIQRpOO9RUCPrJjVyz4VnUzaPIkDTIvQmsGCsbpLACme_uofX-iuCu3P-V3cN84rVerRxxmx3KDoVYO17hgFAlV6BLWZ7qleiSF_OKsxc2jMKtlM7RLmQ=w648-h969-no', 2);
INSERT INTO eignir_Eignmynd (mynd, eign_id) VALUES ('https://lh3.googleusercontent.com/LUjGpGhM_JJMFgJwwOpWD2QcNUiIOY36Z1fGZWKJ7i7og11FEdiDO_aGd_00DEdj0c_eJwTSZS6o48BhtRfKS2E34qtgouk7AohHjWYzfsR9Hx7IlkAkk4KOdfi3PSAUNxKnWk9sXVrWic41wMWsMfcS78HMq-7y_6yPngvnNNaJaIC8OX2QnwKuvTL1lza3GFDVCcsNkjggcGm4bkjm-TT0zp8CsHSuhMB8acIWw04Z3iha_X_KoPa_7k4rBE9XOvUDLYimRdvSeQ7BKpnEJpJtZIYW6jzR_1XVbLMA10Fbqnm_bFRSwkdNKsmGqZXg73DaWLh4d85ES4x4vNIvUWccpzjTMwBmRTnVyj5_Cuu-_ivjOfHnfczrbGajcWRh23Y0MNdPq6S_sRzCow-DeKhCFnjFCYYmX795NPnw14ixtHTcvkAhvFozpo4ewwpeY4Smu6cL2jCpp-83dB20TR4M8jinR3WUgPwjwvNexLGfsi_-bcYAksN-gYTvG629J_Lmi9Hdl2C0XN-jpq5YvHPYGklicnekvyFxttXIqNQrTaf1lijCbP-sTRRivN6SyoBswQ1rvhW_QQ1oyAVttHZqPjK-bmOPUurXlxTyoQmwTfFJPM-fYJDe3HYheQ52p0zMyXFgYctIiZVjEtCzV4EVOyXeGrc=w1024-h684-no', 2);
INSERT INTO eignir_Eignmynd (mynd, eign_id) VALUES ('https://lh3.googleusercontent.com/kv9aYKbx0tx-Vnsbi9RjTZ5nr5PN-eBXqNoESF-g_ov3QvWI48CpU3oarTYcfucIu7eMvz5JJfl8q96ClTR7FZITp07fuoI536gXImQKJLzEhhLkGOj13tkYVT3CtufKuR7gIyahjtOxZQapnuhe_tnBAGWyzMXcWVTXzxwB39yrXRUCympiLL4ezDB0-06OUdk6ZTiiOPn4K7XXRoQgKAFxfShelfUBa5IKQEclDK9qKigv__UBchlWnrqAtz5VVu5AIR5GiN4HQAIwMeawJDRYR8aypLKw_GE8LJfrTXvNcp5yKF4EEZZUNn8UCRPs5PZ7MqjZw4opvzMBzM5ttjiE1Ufxx-6ytviYL5ObpwaNDi0ou4WxZvEdv3U0GAB-qAHzj6Ud5VCUnvMzckIGXbOqleotW48Dv8HdbsgNLP6nXFFp3A6do3kflEPl5_DC8aJhDzYi4QM-M0bQucQCgnSSgTFbvSpJXDGmLZvuY8iZonIt1zDm7EZvcKIhELop9MQ1gvCuRilBwQLf8y1UQSTj0t1MDKS3plLmfiMn-FsEa5pDVazVsL6lj2dVvO3f7vBF6qtiO8QnQohWH3Dy7MxOTRPFN4BYa4LLcrRJO3N7l8KLn_WLrYFwlJnJgTGg2LVidvfzUJZBIfsH8mzg-YI2S0xPMw8=w1024-h684-no', 2);
INSERT INTO eignir_Eignmynd (mynd, eign_id) VALUES ('https://lh3.googleusercontent.com/OJgj_vepCTymdjg0zaLhd1Y2Xd0jBPBbuzMv3nCu_RY-jO5vNyHHz3XIcCzfI1yr15x6xWIZg_M5n0cJyx9uUNNSb6JUW9YvSFkHYBDXJNvI5G_93EpUSZ0JppWi9NL9VuyIaLg7451jHzPdnTwuDYI6_MFw4g4ZswOagYbOjmPi82QfE12mxXUwC2r1A3dsJsiQAgpgWikljWN2BafXHwbIZpyJ9ItMmON6-kvbjXmZh9HnRdlssaEAb9BrAoLV1QbuPMdASK_0uYf_QDKY6ECmvDiap3svMWWqsYJGc0XuOMS48seB2zP7Qya-bewhqgewUAp2hf-UcwDARguXv2Wo21R-Ge_APWHASE1Qq0iJQWk7c-CrKiptvoL-h_HDQnf3MWlR4zLIq9-wl7Oz5aoTwOMelDAR4MLIClQfKgDujR4r-Scm0ZLqwJWhmWiaUzb93GbjJBRWTIUfKGoEPIG826F2XQUWsHRRBEJ2CCt4UMl5kf62gd9k3y7Q-wti_UbLS_mmUdiEDIyZQtEprH2bOC5s7X-ap-Avjxwrhg8jyoazcmqVS8Tu0GLMxDC3_WBh8BqimbjhkhXVJf2l67BD_Al4hrXJX1kAryFh_cX_pkPWYpYPBSLcBpG7n1t0Hrfpk0HXfNzluKhlxUV2aTrnjcuU3p0=w648-h969-no', 2);
INSERT INTO eignir_Eignmynd (mynd, eign_id) VALUES ('https://lh3.googleusercontent.com/5-Umyv-DB-7aT5dR5x8zkpmf7exW-OT8XTVSc6l9G1rh_hYNqapR4wa888aMHMQ4IKY94ldGlCqeBBGGAq8BVUI2yiXB7V7QvLUK1J917e5c_dlwxbmVqjOsgyLQZ9RPlhUh3eQAE1h0VBxvh5sxa72LQHXLCd3CyR7MMcT-tmxCr45W_CyVnDOZx-Vxr9ZeI25nvWU1GafBGvyxmcKij7v7iAxawNXnqHzTKR78FxnLjdr4S_aCSkRP7toYt101oWtUliAT5licLgIlaqS3K9Uo0yklpnC3i30pLJz67RLDQ9RfpPeBt0XPvTG3vgmEHvNLarF6lgLzOrm0SwbsMj-eY7R9Yflfs56c-aQ3dLSvWkVOZHjNd7Jx7X9LmJW_Gc_qbaMkcM2OmaQfML8tn2w83XENETZY-tHSD3fF1_kh_bFXkMNqZ3xymYBUohBfDAO4PIJ9n_oI7H9eirfLV9wIpPzS2gFFYlphRxdppWc5WKY2XKbwROD1sCg0s9kBbJJtijQkTjc0pv9sCrSjX1uKpdZKxGNnla3AQhu_hcDQb1OjhLfF0wKAMYNBRWRLlui3nm8TgTJvgWaMcVbCn59I4tUeEbiA73XiWD1CfjEWvOQZBGrzBZlgXRockKzkC2fCHQpJJoV6VKRPy_qZIEzKEGUbxlw=w1024-h684-no', 2);
INSERT INTO eignir_Eignmynd (mynd, eign_id) VALUES ('https://lh3.googleusercontent.com/_C54kA7aT--2noBjD26HalKE2Q6sqPS-HHdAa6enGx1FNdn45usBU_w1166yqqjcXy0HXszzcmu2z5E-0A5K1-ioHgsfdOrKYzktMfy5oq-vX-DlE5XESbYMyo4Fj50UOyWbVj-uiSeS-Wy6klBRpf1WEi1bsSxoQTGAM_b5OgDiDVvtGrr8P98UJhFVqjEhaxAn4XsccyliKaRuLNG5ml128YPTVwIvmAMvDz5l7w4GZifq0vUONnaTEpokfNL1cYqcfSSmSIaTPbc_DWyi1UBwg45dWHRStGhj3lbAnGCGSNC4a6yhjAIFDaeknvd-UQwVvAM9kUSMKDaR_f6wGSzJp92_Q5bAw5E77AJlJsrl7PtU8MFy8J8UrjR5oNZkq57yfomYKnstXSDcWZ9ldG8HAQNBoC_cMGiZxNvg8cbZNwOvjFKPntgMLKSTG2TGPlcaJJDzeVjhPG5qIZwJKeAeZNVSnODDr_GQo-AFJdEVDha1656vQlYBZcvcjFxV538skKLKkOVo5ck1Q8uObUEM3401mnojSO6JfJ5--Wmt-9X-CyIHVUrhnO3FbNvgqo4fuMdydRVDv0GrJbmyPQ6zTxN3_e_D_x26qE34AOTOg9aKk8e3IvokuwttGP7Qi3mkK-YuYcKgtpXLpDPT2BWpG0iCglg=w648-h969-no', 2);
INSERT INTO eignir_Eignmynd (mynd, eign_id) VALUES ('https://lh3.googleusercontent.com/qeKfb2-eZXsHgeCrkilTnjDD-kho6f7RtLr4-EBP1WTWwxJK7Ze6mdTQWnOA5nzb2w7YR1NGhevWfL9kfTl01Zqrn1sDEgvlrcR5iIKv20RN7FG0S4jQ4nZ4K4xaZI9vspTh4JPGDuPBupY_xq-XtCSNQ48_DFFp3OzpVK6KVZPlivc1F0SB7dM221zlXBg3X26jJvMVlS1PKsf1OZiWNy5J3FgeuBq2RsjY0eg-_DhvyxVMXyePedGI_mjbUcf2cqNEr8lGYoREJvprH0EzskbDvnVPLFe2k08Op4B8gYcg8lZmX_cPduHahGD3fzALmHOSCQKqo9mLjxHQBfPbX-UisUmHP0q-bFEtU_Z0rFJrSo3hSSWiVjc5-E6y4_9tw6QVA2dNAZXDnFdEl8BpjfBOJcI4MN6_Wsmuj2C3apjH5eeq4JUeNbjwlfQFvxQV4p5A0gRbr-bWlP3j1h4KjaOdjqoEFmYAkUJmhrVuCHoJbtSTOcsLBCLUhFgebodpyMi6Tr79yE-dEo1ig0goADbFkK6we9j-CmsFf4Fkk4_BQmc80jo2NYklRpXe4ow8eyG9hiwf3pQfAGsfBv-BoM8z_FSsi-LWrn1fDGuBhFl33VMBAzq0BW6m4Hmsp4ss5zNFG2h1gg8M9o5gGgzp4QsQDhz5iYs=w648-h969-no', 2);
INSERT INTO eignir_Eignmynd (mynd, eign_id) VALUES ('https://lh3.googleusercontent.com/1TO1MErulYtoRRtScCNwUsUwL6v7pwcR14sr7r86rVirzFcXeT5b40XfBI2pYieTTNjaQJcEHMmlxuAYbYwaj-buTSv5i33iKPx-X-tfzfGUjdH06AMb_a8Y82l1Gl1GZxIZYADRDGpysmzJfyf3V6saEvVEVd6eSwJO07J3E8vaFfRw_lRuO2X_JoFK8k81CkGkprNWp3SPOMhG7_2iIcSC6CMqnW4UTGFYsYcdiYQ_xsQAqAQpqHrCzAKwrsCBnAk43DMXc1KBjI03fcADY6T8reGmfDBHwox3SOkBJVxzi17Rj6yReN5t-om8Ks9MNxGwYcBZfsG9XB8r1krBWJcvG5RJ0_xQ-_7cGB-OE4atyEQdQ73KsE3fxPXAf57FNbIAV_yNt75Rvdx4ZgckiVu1qoD8BtPbMPq1a0Tlvc89j98cWAf4ITabBO27jQI3SmMWH_pkHykavAYyQ89iP34I3TUkErB2Q7-dlX-3O2ZUol6j8N00XBlgoi16qmHxx9jGIocmbirgXlrz_iPb9_mamy6BNUMIvOkocEn_Y11xY5OPRoiEBGeSzXIuRWWJZh2GBf5ePC3wYYt90NMM6YWcXnIqx5JJ9hQ1XiiZullB65XnoYbk-KTshNKCzmLxTdHSYfMBTXG_Pv0HUOHodMe5z-hwE7A=w690-h969-no', 2);
INSERT INTO eignir_Eignmynd (mynd, eign_id) VALUES ('https://lh3.googleusercontent.com/kA4lv7PKVf63wDxzMTthAyBGa8PXnUqwTBY9eqzMHg9owtmk0j0SSc4WbMIWlMV2fhYOVOPkLNL97jGwmp5JbIn4vFJvqlKkitTBiGnE88_yRwBHbNHvt8RUDX3OwNUgFXR2TmX2dJ-0cA-f9KRLRbyavnmchV-3nQ1zSDFK007pEGfVVsFxhUQktV4fMvX1WdMFhVsENTFmiZ2LKpIpQ2AbbOBvTpfxU_i8QnuJBZ2t74H4eBD_bkAsU8OvKvtwusnjcwUpN_UsAyJ5fDaGqQvIMd3pI0eTYaF7qh2I9CBaPvxoiZXMwFAhwp-rrfBQpscCr_L_Ni7uJjv5jOClzAlkK0YOgDLRMv6gu_KCb5NQr8ZIiz6QcA12_7CbVpQoNXPRDTqo4-meeJIMiS2O5d023LyM5x0bo483SO22BhZxAFHVJzOD9xFuMrPuQjMPvLBjKaiQGdRgJIRnhQxhLDJNjLyB3u--jFVwgZOKoMH-v_Y1V0U8o6E98ZwT4E_o8oQ377fmWeHIcbpvZQIkynpl2sBH4p_y3So93ws6uY1dQgRtYTJwYk7V1lOg_0KXtwXfDwwh44avwYsl00QDYEYu-iAQa6eZWnBiO3_WbIW_JgPi_STsUJEQ3tV0H93fWoYGDLTdv5Ubnyz55FkrD5sKgB7HSxQ=w1024-h684-no', 2);
INSERT INTO eignir_Eignmynd (mynd, eign_id) VALUES ('https://lh3.googleusercontent.com/RsQoOuO5_cE0AwTJ0sE-hljwk9wlUKRy2Kx2y962wl3s0PEv2j54Q-wEAiJGEn2WrqaImHk1FwtEiP2Xe8j3iSs7thFBSOnDC6BY3StI-gsqvkygZT4fgwWPOlXd-ubwYg5IZovUN5NS_3L27dCevmOC5tlpGXUkF2UzJK6cPFtQfPhu4xTyV9eR1sf-lFiVLHduZ9hQoiiT9kAMDTmxspuSyr6szm0AhSoIlPZXv1J1g9kWxEmGT3zCEeLFNjm-TcOwyQhM30QzEHg5tzlgSK_5fK4SvzdAR_Cx--0mg-LppDRdBXxqtOFZOuq8Nx1ekri41oGAj-vkK4qD7Ds-ezwRqjvUHMbY3cbol9pmgXO3RlL4mtp8L_zFzhExkw7FHl7xD7qjmIxhBoGl7hXP49_pOgeUk7b079BAZaDkKNIfe9s2876BTjTXIALQOJyo7eKkq3zTQH930AEXmW5AewEaWTUNfKZTbRQJkAxeMC5QOFiU2lEKXxLzFSNzxZbi0lB5N62w0Wzlw4883uM5fT3EOQSBy_GxcGYxBGYq8J7xLjw4vZlTBZEFCvBbgjJdITE9G9eFT244UrUph-d87ZcmvZNphwz-IXOT_0F7pSc_1DzPjydOAc-xxj-xo7R9Qr3xMSjL7ahWP99_47o0rCGVgQ-E6gs=w1024-h683-no', 2);
INSERT INTO eignir_Eignmynd (mynd, eign_id) VALUES ('https://lh3.googleusercontent.com/rCMc5c5tX_7BQfdb2ZdCMHl9TIRgmgbjnvNUQDwXG_LUDp4WwXUh7B5KPlil3C4smdjPVJDKIRl9dWYtrQG4E8eEEDuh4ZIT8p5Mu_uEDqtDzpyvsVJVO7jPKwEHJsMSNTeOXmOqx2yNftxYigxRwLrs7BOwnS_6zVe-RoW2FVUpAKIaEg9AiOcuiF1myNHmVq1GtzzrOn7CVUuclvCAq5mL5cx_q-CEgGcGVKWVVHXFY0ho9OgSFO0T_nehWVhFqP13nBct4zh5yeDISuh6Wv2LVKspAF86bKkbO3knhC37W-rJsDcq0cTvjzbgVW80wg8XgizTkrOo6gv7S327BNqyR_39iJzPSKQtH-UzyBxl_Pryg2zYqbsVxb2PuoydYq4ny83do73dO0bmGZruZXwPt6Qxlq78p21JIbAxYtybDCu8qhuH55BA7kAIjWmC17EFRwztci0lpokDU5FvU09-pcEjuhq3FdhKfdeF5bG-DLC8_hmq20DEMSI_Ihnq34kHAjP9zrHVxcn4CFgBoT9l-4fuaV7bh75cKrhMfDwCojAuYMmUlWBeEcbkG1AYRkpCkdFy3uEUrlrEVma8ByT5TxwiFfB6J_yIC8hAOpSIaD5ddxqbQBNbhyjI9mEv_Xsuz1UXKGxl936zEmsOXTNbHV4QA_U=w1024-h683-no', 2);
INSERT INTO eignir_Eignmynd (mynd, eign_id) VALUES ('https://lh3.googleusercontent.com/5lV7-i96J4m27X0Z4fjRuxuEDAYTJKUEnYvnEfkt0ff6A9LuIpg3DX1pVDbBFWgR87Jf3oLpgJpWSf-gy4sV-YitEAiz60GnCWjgzYEMrsESKPe0DoG7LkMC9OSGAPjP16C-eAZupV57_gPZ1UDi3SRAmK8CzaN0w4LgVJlzsAgbER9DhPZDxrViXVVPQ7lposGk2AFD7ySzHoXD35mmd0r42a8p1_B59oveKdOVDiGrweO87qmh941Fl_2IVOPsP_fmxlhWMqFg09EvmDE2PHi95P6GIM9XkYk6TvCfzLjAo1rbk6pSaaZW29V0Z5he5sEU7JVRNz6Gfn_81WCkt94xl275AVAlv9iUiPBi1Im9jakUF4Lxk8oDFUG4MhEyPX3G9eC8WmAPS68MdYIHpClObggm1tkMQmemkNDTzCi_604tPw57xVZgxamiLfr7CFAX2_8A56aZrJppGF56DrGNjPP-s1hxKcvYg8h1oCqiNeJJOvAvBT_2Mo2-qsYPgbwF6CkDqvQTAh1QAZBHojUltBYX5IvmDh72g4ovYTp43HQ-1YCsKSWhsjOFG9XuMzNsN7LyFwC8XmNLjCf2u6vi1OUJssR8Co8DFMOQgCen88AP5vfayC9D-Wl0Cg1i0Kkn0Hl16OcA8L37pzhEgMZde0uzRXc=w1024-h683-no', 2);
INSERT INTO eignir_Eignmynd (mynd, eign_id) VALUES ('https://lh3.googleusercontent.com/FBtaY3HJkntajuKd8AQijZq-PBtsC5DmRfOGDTdc626LyJSvcdXSNZxaOm27DAhHQE8AT4vSjhEms2yIZs-9OhQFqxr6tpp18tYsACghLcLhh4mmrUcxMwCWkd_5fpbBalQuvgiOjvt51NjMEHaY300ITQVY8Mi0FSLMbka9ol_wKXeMFc8FvZSe6R_4SlzEB6saKbOchw0H55U9CTNUlqj30wilG7lGkKXqU8qjwQKC-TaW3_3CsszZgGMUa_KBDXBVRGO67BvBWlb5w1XeOZ4S1VdBYri6QKBiSjanrs3xo2d7aYyPq4igBFBflB5xERb-rlzzxf0gW4iBjG2Y7i0J-46QoCTBWkF7JvZx5KHNDTgh1bKMMqZznFg_UfoODTUzrHulcpauO3DWCvURR2FDFHCNfSG2Ok-KhwGAJv5JPVTdLcHFhEgn-0RFcLgu_zBorIx3ydr04IFjgWj7VS0rWqtUu594UHWYZdnRCjN8xHHmBW9JgEYwA2New0ktX8BSsF-nIFC-M3EUGX7a8LD8YwIrGz6G6gOzyBX7iGqfrRaxbI5oPton1EomGavggsoi7-w0GfURtcWFpdod-Hzq-c0lgBX5ETDLHhdVmixhH8EAxy3Kxxt5wCWOZAyBNHJ6zAqw2qB83Y8kHb_2wg44lmVL6L0=w1024-h683-no', 2);
INSERT INTO eignir_Eignmynd (mynd, eign_id) VALUES ('https://lh3.googleusercontent.com/VdvZ522Jm99Aid8Te-invYLI2OkYHl13UG7xPsg4iVm0V3lg_ukhvaiqVCjcZc2WaReCN73w_PsiTYuIMKhDGivEWrtzwzdZbSzr-emUPJXH2jOoAYQKbVvWcMOTL_eDM9dTFWCkKh4RdqPVBTVTPgtkWO2zrcWqMFhUfxzi1eRUPQ2YCL5_NrhHvWKRWQSU1ULBFxVoEJihUe-ugV8cJY6uDI2Rh3ATQ5Y8oq-GcYa_juCDl1ekAdQala6ptNacNErbNAceWNIfuYb5aJnv3-Y3_dS5Mu4aEtPiE_oOxDnu8L_6o85ceHp2xsEh-PE6dfw1ivLWEZORzMEdCGSR4AUA6z-XbqWj8ZCvSyXttPtTO6-R31WEf621Rh7Qjhu330Ca7AzYubpTPkD6BfvemNAV0AeMYzOtBeo7f6ujgOfG-XIZ8kAPBczIVWmt3w-b87B6fA7paACaAxdJz28LVnKRL4SnfmfIW_jE-YvO-wTEm2kKXH6St8xF3Vnd4CzNLyltT-6GCezT4AfzyjqJWAqxggskJ34b5smTKPbF_GQViARLcAJYX7lVPucl0hFpZkchXdonXSoraIGvtgQs4DQUNmZ36YkvgXp7SQguO7u0dbRQ9HiaYoqHiQsgupyO8EH4dd0VPLuqllXipoO5Sl0gccI3uus=w1024-h683-no', 2);
INSERT INTO eignir_Eignmynd (mynd, eign_id) VALUES ('https://lh3.googleusercontent.com/sXid-94t9xG5EHvQ8OoLVwdva0_rL2srVVMnZbUjVlgdNCWHi-VtRX3fXK2SOBpUg8mh3mT4vi48BqUkJpe9RXi10ApOecdl9H35Q0oaXkOaaBXzBiuieeRY2uzOoHgjR3pUtlKx4AFWhTtc68mIzW0dhpYEwFdWgNH_aEDryW4MYyJSx6wTMr7jDM3Dvz1kNj0adDKcfrHjrc0ktuZMrUQf9XYJGqPNGGQi1cRYHZ3qHKsXAFxitiwVKuUQRu9DbQhenIJaDOQgqXlV9O3XfoeEU9KrlSF5DVoxIqXZHCBPfGBKW2NgVMXzKTvimzPDEvyFKzJDS_JAXax4E6YaZ4BL4gZeSH8RQw0n0gwHf4ZItnw07cnDv_5WQUQWzFaBntJD0Bz3NShC6z7P9XCnSJW3nNemrxZlq3_1ibctHqALC776jO7zjgOASHouMTRYG6PN9VujdOBjNr6T_dg5ZG7_qE6Sux5wYdWk0fLj3kVLcDnVTqplTxegBwlE7RkS9jR7l7VmR_5a-KLwaA3pMAKSgDKF8ofMoEYZaCTqS14Tfa13ZembmnXMzNg2G41M1TeNiJDeqZYmKGRtb-QdvSB_QO8PQtg71pWzDue3v_Rig2ADjtkdZvutPmDmdtw6hDof0630FMdF5fUi3VHmqPPmv4bCqCY=w1024-h683-no', 2);
INSERT INTO eignir_Eignmynd (mynd, eign_id) VALUES ('https://lh3.googleusercontent.com/cawFHoLSLvaVO24La23OaYpQK9vosAbCaAKXhiYJhAo6TC6eDyjuVv7akAPIw9tGUdkfmUbXIsofOj2amw5Veq-Uc3mE15bhZG-JBjuTg44dx7EYvtf3ZHHc4nJdCT1HjK-fTS8elBrPsR1olYcOagWRSQm_XfybkJAHiNYKYoVxC-eujuIyZ1vJdJtEja74HhYdX48LUwZWzXfhd7D8aLd59w4vXvk82ae7r2bOZFxLE6geAqjt-BxVparV_L6CXYVMLTuSOpS_9QFiiuj63ARzZDWxjCMbSekL5CBAewhWFjwKtgKH8ON9BLzY_LsSe39Fupm-5v88b5SkYHHDi__qtpyQw-VcHS1JborVA2aC4uAmg51R2EguqCmEQQtisV8h3U3xlMHoZk9Y7h774Os8fUQUIB3m5IZ7R865T3edlY33y6fSdHfK13j4y_BJYZ7R8O0EZupVeSBS40C_xedV2i7hXF_TTeouB4MFBQfY6rtY6XRSRBGxdHAAUQ5Ic8TZd2eSpq74PAekW7Fn0zqWEUg1n-hd_akagB9bxzEuwwnsPiOGHp3Hsx1_TVRwU3xsKzwLStc47EW-evqjX6dCVuFV-WlvDQmRtDEJLGFT-wXyW7VCyroRRgA790nVmK_n5g099k40pgx0VaWhRvo-3QpPh-E=w1024-h683-no', 2);
INSERT INTO eignir_Eignmynd (mynd, eign_id) VALUES ('https://lh3.googleusercontent.com/u4oBJ27YswkAITqGNaMib87xZ9ZtoN2cxtm95qv43-udgKxD-hnOIQKAAXa57itQRpT9d4VAsCWBqV0-h3qdwRT7u9kOLPEXirx08YHec95pQAjNS3jtkX3b2FeFeHGpz7Yvdp1qmAkpkP2bEnke2_6L9glIhuo58qnu9XJUaaeJFfO5vhaCHrqEfH21orveKX8vFJk8DAteNk0_jdNDvtQC9fOEn15YHJCzOTX4PU3lYC3aCvgABUozp1Gr7-g89hrZUFGYzwjmqq9_-bhLbGU_Y31glcUrygzhln6mNOqw5vREqeO_e2ltNPPGxJwvSMaIKcNWmS99cG-CYgUQ8vit5vzWpRaxcI0EuPDrS9fnmijaBxnwRzvuwypkrUnmZuWEfLZy6RNi_bb-mTJ8TiO1xW3_apICcvS8Z2L9_nPMkhxClS005wbi9EAODjX_YW0Ny0aCkt99K3uEvqkNL4M-TM-hXmGFrYHDcNEFCcJJRSKrfsd1nDs-USvi5noHwrmcBaQgCknc_2dWvuJbXKYZS5zNkFN7SGxH76i-I0yttdLPNO18K8Wo3aha1khp05vLQ0uENTNwZQjTE71hBm93nA168xcDjFcgLoQZLxYY2xz9QiNHmQJZY4EKiGAxRnw5Ilwf9JTn4swuU1vQMqTfO-uoDeI=w1024-h683-no', 2);
INSERT INTO eignir_Eignmynd (mynd, eign_id) VALUES ('https://lh3.googleusercontent.com/_1sn4Wqih_hm1g_J2qaZe1WHCofItaFjbny7ivvS-XhRgJAyBuy-IBucu34KzOxYO9zifEFd1op5QRYh3P4RHHs5q-zdMxtyDsRpTosJywWx4um3_cQwEQJ94vek1NQH1yphGfa1a9edE_kdwuE3NKDClYNQHRJPor6uDWCk2x4kEBI1UHVe9DXrv6nc2GGa-WJ_Ca-0I31IPMspSa0lGV9MXd5_gA5SPcdyd8xdJqYDJSyZ_Ban7MIAvpXCUtN-dLclSGIEEe1CErRNabEgeema6C2dKzsNGLA25UlIugEqc435leN8lpdn_PfNI-73_ib51kyhlPhtwpjreVzlccQURV9yzbt3UqXSkVdEuSb0SHDGMCp7Is2k0SRUwv2xNsa4qbY0dceG8_Nky-Ci86oeYkiCjz54LWdpVqFBpL_RqVxS9fSjOIrV98pFJGz7mDCHX--23lao7vlpGcH6vQjzR-T9_b1EFkQtGFyUoZBK4VacSGdq50ASBVH6fJ4pvdi4svQbbvIO1o5jjEFh_q7uyoyaAbgS7p2lahHYa3cuVb_1F700MCPFq5vwttVDvv_YcC-qZvL3SinkM_xmix0ZH3oys3aCvXfRTJPDdJSofwiTKeQCGsxmBLG8Y9bV7L0o1HRc3W6TjOXziHBhVkbDdDGlIRY=w1024-h683-no', 2);
INSERT INTO eignir_Eignmynd (mynd, eign_id) VALUES ('https://lh3.googleusercontent.com/i5CeMUYd2Zy_FYH7NCnzPg1RLhfGiz83s8_R3PjCROtzP-f2PKUeDB4-Wni5EnJ64iIz_rF6Wa9NAhhypaEmY9BPXahJf0zx7WMqf--929fKymfpS2sp8Yp78ow6NobM80nvKf8JI5stqmokzQIdbw6--PQuJFOL-_vP3ZdmbsuhWR-6JArYf0Hp1BoNumPQZZeLmkV-_trXk3g8vCu06XyrLsj1_pMuup57rwxZwhb-ZyFUCUv9qo43lrx0NPHQQ91Jf57iaGeEyfNPCtM0HaDmE3QC8Licz4e0KBCSs2gMMEEZ4H1ilrpUZVMuWY1CoH5SdivLM-30TqQPNQNzhcvpstK_OJZq2xs6W5VgcSZjOVS1mdrVnlAeVo0tjnUngb1GNGeWKFgjEFZyNNCozJfHALLuWhM2ydNPvnd7qM0AsW-g30WdR8l5aQSHabuiiE1xGeW4EBHkbddxQqw2tmg7sVnX-4tZ4KT_18_bL1c2LRvVxO7tW-ghGT9itEB-6-bBIwwOAWvMiOMBewL6fcFVp4RJP6FxSWVsq_eJ9C0E4jc1-OgRRLMWvf9i2XTlKyCNMCjowfjKBxBmZk_mgTxyT4VlmO0MMPNzjDXmNSlNDvS7RPBD1rspSP3llns3Xk-qKn2ZKuLV6S_2bdCmBVk7fph0sEg=w1024-h683-no', 2);
INSERT INTO eignir_Eignmynd (mynd, eign_id) VALUES ('https://lh3.googleusercontent.com/sX5tPlIRwxwsxBsCIAu6m3Cnr9gcvHrAjf7Wdu5JFqAfXyCYnHr5MerA_NJnoNxvAMqY0W10_f0_tlC2VRb8Kq-7asLYlTcLgdXiUUhR-iFcoMIpbEQaVXF1fxlwJ3ea2cOPs2UhG32umB0ebYQ-Oqq-hhFgt8RpHYejH0x8jLeJkV6ltnHreqHX3jaDtKWTd-8xgtY5nY69OlgGy4wYUHtFu1ZcJ_4BRz1q498oyY3xv55Ymk4vJ7ASnGvDpYHG6h4-p8HX9PNWB36v4GQD7QtjqAVVw07SO4uej9TovERFlI_CFAICxAAeS4c_veAeCyTjY9b4UIS9hodNUzfD5QuGkccW1S7PfRjacN_jWv_aRlLqGJ6SrnrnV0HwW9m8q019hq0cjVcLEK8e6o9795LsVrt-hR8PkVpli4z5Gm_nQhSz7PSnLHU1vIbe4tb2O6m25CzGLQ53vPuwY-vEjZtecKeHYQnZbFznXsYhjqxcQUZpvZSae5IzjR-2vCT_3jJsZXEgrdkLHFLz9u9EmLxYWiQ42Ufkv52BtRM34RwBss1qpSqbZdNXeO6hGV50hrNaQZMnN7GN9ijsiFHEG00TdUHsqLJuJ9k2ZSo-S7iXzWFAZFc09oBPqEeizfOvpfq3OZKE4E_lCFElzkO8Weu_lxRHjdA=w1024-h683-no', 2);
INSERT INTO eignir_Eignmynd (mynd, eign_id) VALUES ('https://lh3.googleusercontent.com/MsKjoyM0n_jQJEdm8axbjGo0xhHUt70j_h8DvsuDQwClPoPeXFUm2jpjy_ytYG9uZ6j9yky2jwjktlglZTXOXYby2E6SV3juUogh8XAaGO52cZuHxUlBHkBG8Felp7c83n-5IVaIIBr1GrQS0B6-dW5EZHwFInGFrNG9zNpQALzN09zg2bcUGMjwcFWVLt77YT_vC1sJXJRflcsvuuVwzWhEdK_8lqrEdO5SpWtQsi6I9vrl8Xj1um9K6M6wy2SD_sLPHdZYAKyZXUA_kl9n5DggaLekGjFvgfz7M54fZu59bAW8azm6TZiFddH_Qr4duMH8HF13ucWv0HBzYlmxAgaCFIJnE27z5l_PbxZCOdwlZ_vTPGDSACmeDq3zAqKIoBDoVNB8hCi_6_MC4ff7gk_kGDb4IQv60JlAUXk0KmC_UysJ4QPPCcCf_EUq_NIymMDLxmLWqrQt4TD_8zQMs3sGk644fUVLRmhqz9Z_TpTFUi0mF5fALeQ8C0ElG78xm_Rj60GpOp-jtPf7f1K2WvQ4eU0j1JfBeA9adxAhjFHRUkJYBmuC7VGLc-Wxcqi6OEHjdXM93aGqs3tdZPBG9yH6VYWyuFW69hI10d2ysxJRcVRbZPpIa4EsUA8pXRfnce9xa4hPtbhTfr8k_iYNpRufo_Ftr-w=w1024-h683-no', 2);
INSERT INTO eignir_Eignmynd (mynd, eign_id) VALUES ('https://lh3.googleusercontent.com/jzsptStBC04U2FdnNrH6opFnSawXUd5a3DK6e7so1rBT4he0RnYW0kuZRWgnHn0TM33SZP4iwsVw5Uyg2TmmhDtE-KwoZqxjQWVNSjKTka1OouDFv9M4J2wbiO8jtK7Vs-PgybyQD8cRy5Lascn_-U0BXZjKv55jJk9sR5VTkU_o150Tba07OCa48Z6pV92_0h8cAcIzkZW3Ri38jTyVhcMZZsXSNExxg2Ipc7TR9MFxvZJWFc22qpiujKAGcxqK-aLDVoSuDfX7uBxlEHjU8CG8wNUMEJpse9TLXh6cZefzkIzAsr6bcV6aGHEStBQAdzW4uRIqXRoFxbN1WWoOVUg8sa1hFoe1wY-7rwfPvfdJxxhRqSSO6VEwtulxYw4w740_QGYuBxsFXOxRxx5zy5fbbRYcYOiAZzrtI9xxrb1lhg0pKoo4Q-UUlCE5ZThlWFZsVnPy7LPkhk6clRbqU7ykpyMiZ0Q2hYwkavOxcIxemH4UIRwkj8sSUTXUZWy0yFIG95SZCM5rIO-RNIkcGHXOSNTZawibHUgx3bAvFKpFP2DFYZ-V__7ZuryVSLIv3USTFnVrTspdCdVBdsveBdMY3av1wuHIp6GoGF26Ea6TMVDIFPdjutYynoJl--exFmhRRygRKbvINzOZ00g04UaZDcZ-Lbc=w1024-h683-no', 2);
INSERT INTO eignir_Eignmynd (mynd, eign_id) VALUES ('https://lh3.googleusercontent.com/yjjmsOc6JaVmqq_HXyyXWdzE1Ndk6nyRcFfvzwYrY5PDTPaeFdMAxoSseq1_mykZxBRdZzoxXv1o1_-j0WrpP678_O1-GZlSoCbrmkpi_npXUxIc2fzibY5U3Uwxj4rjLIVN5ORi1Ljzl-qg1U_qyTxYk_Ot1fBFzEwIuu5LGqNnn2LzTgrhgIwttXYm3eC6YmSQ5CyuRqpk3rElQFN5IoODpFcm0YO-TRImUAYQmPEmOyhnRFZRp-erJmu6TqNjZdT0ORMLhDNVidn2ciBXl77aJYkA7gQdcuxeppz5P_RLOBA2_vhrdzeTCzkQ18FYsf_2lNPYK5Ttl-tgDkAxacqscqX4K2aao8rd_N50SIhngKNafOByRGABn50hx4nZ_l7WQb5qMnBkohNHBTUGMRObEosEo4yvJneTDjc8z3pf-JmqX0Ksjyd0Z9banwEeQQxfOTj4BfsLNnXlxIiWDOKpWVODBMHVY8uGJT_u4KWsZfnqkvqfhmCxoJXLL1tQXAkjRIXbYbYXR8QYQv7iA__a0QlJVlW5MZM8MgZKLf6MWFak7Io1_zY7xsPcqycoTmQL9NKE8dxoGeoqC2usv1zTsxeW3OYk9zEe6rN76KcUQ-oomnEoWxfyW4H8StNl16fhT3Sniyf3e0pVJQBey4Eowk0J1W0=w1024-h683-no', 2);
INSERT INTO eignir_Eignmynd (mynd, eign_id) VALUES ('https://lh3.googleusercontent.com/GL-x1w1uISu3OguHzHFe3yo3IokjBB7DYSVD0bMnMSMilv8E5NKFl8kh6Mgpek9rErMoyMEjqs1YLTZ9isooJ5Qqg-ECKsW74Whcvoh7_HQXflLvIS0rwGUqAMHiIkKj-Ylcp5xOA_I1FXEH4Sie2K1cXL3e9amiNEXmJ968zVBlYTMIHNyOgGviEsgxgJ2emHdxScn8WOQGXrkxCiG-RSF3mx-nvuo7P0F8R4CZ_sQTKuzdG2zYQxBEN5b33s60qu5309eOnFZ8hc8L1lRaJH-Dyqzyuc4Z30KNOCSNIYVxUrRmQstIZSctxevzulDVj4bmYm5nKroztKsnJKELNJnindM0vwxuAzX65hXlysOBRmwkKk1gaJrOwKG15-Y1i9puzaB2dShCHa-gF--x7GLIm668A6MLndgPlIEsbkulAhbADv3QCz3dlJLkoBsMVwSfa7AbIc4mVXezDL0QAmYvKxgLhh79gCTo-ym4vvc8_iOjhgj7bX2UkMYx-erF9sQP2g2Noz5FglFvmbM1N_AvzBnmREw35LH4UGp-Kdnj5lBz9fwjBu4xjMngCV0WCLxKgpxoZA_zKaSBSV6P8ENPIYIavEzYf55DB59esjuHEGAR1SsCw0REF4Hx36-veQdYVXVNnHHr9Lv03xqUhQz2mSe2F-Y=w1024-h683-no', 2);
INSERT INTO eignir_Eignmynd (mynd, eign_id) VALUES ('https://lh3.googleusercontent.com/doAM0vVPc-wOiaxbNtOG1VyDsRp9d0XDEomS1jUo2ZyZZvB8ybZ12gDfvGk9F_7IdjpoMwPK3lW0L0P2BDmrUjJtRI9NQW6iIPJ-lHCC4V-JhwvDSnWtFn9vynW10RK917hlfSv2ajVdsMc86IeVOI9wHeOPq04VyYDhXzisekDq0iVb24ID2hM_6O_jfFurBbqbVo6yAK_xr1Wxgw-2zO8s63IAZbt7RckE-KP3cp85hDxSd_tl8OEevH0y8OhFO7FMQkxHpzw2VYDbz4rhiq94mt5IJ8tl2TgfoR4MoxhKP5WgZO55h7IvO7d0rQRz_3IYDpEZVkWfNlnDCwbM0daqJD8znMLmTKw31saPBQjSv1GCGtwvFlSqkMFs-s0PsQa7Nerw-IFbgpDe3lxBQpLCBmfVtEAkJ29WZIX1smTuomSwruYkk_MfWcpMyUjeG-c_JoBdBdgdwYZ7nysFidwkJP1RiSuC7c94HmFi0DMk3LKHlukSm5kU1ze1QGZLVfq6Qm8towMKis8Nw7cPfLVc2Bpo5I7HNiOlpcKXfu8dHY58GesaWNzT0Vk8lQ40avIIigNaGBm2uGmWpZDvNhKjpbE-MBQKmpSQ5RwkuEwMFxQ7IHZrhNcEa-nUWmtjEogY4Jvl7XL9XbtCnIPBoOH77pbuXRU=w1024-h683-no', 2);
INSERT INTO eignir_Eignmynd (mynd, eign_id) VALUES ('https://lh3.googleusercontent.com/VxwxxOfLOj2TLbHzqEdEZHsN_5bxFglDm-KUi_SXhlLTlsToqtoxkCqMeICykUhY1BhMgXLMiGTksoba7YMKscAUJ6QiBuij7AYxHP0pozxizNd1msce9WNY1hL4kFQkZuGMMYHqOaREbF2yOTiKJV-oPG_uuLnGsTNagdd3f0vN0MR6clXrA8c2IWT8o6n3f2nUJ5PqiT2oSS4OLn9JaC-4b7CpdY4Qa1R1akf010I8WbMHJEzgnayndI8PvXQUqfDwkuMfLNGPFH6ey36HoeSzhanPJXqCpcJPMBkYtk14JRR2mco5JvQs0XcnNF42UflSC0n2tOcHMcZKCtLysGhVbo9YQHmqiZa2cOfA_h57SVEkEA_zK-qT-9r_y4Whl8h84SkHTRZuogHntu7RyRyFFQV0jtO_DzmSlVPMDmMNwR2jzJonsA-fMnu3xafnlj55_XBl_1QIs0bxTXpqq9SJHcVk-oPojVnR-pSvz672Pw7SesTwywF9elm3b8r7ZoM_Ehy036Ys9WS_32SWinMnRwfCwws7HIJlJlS13N3GARbI2c97L2g-NeiHpAYvYnNxt99a9UTynsR4QwE4a4qNSTDAo4Yn-YxqQICrOWGEvTii6VnQ-0UtZWbm9klk1SDHTbL0ssEClB-kKQKgn0aDGkWwzpw=w1024-h683-no', 2);
INSERT INTO eignir_Eignmynd (mynd, eign_id) VALUES ('https://lh3.googleusercontent.com/dh08UE5WUQt7T3f-lUQmkNJgqF1Ja5MXWqRGlGk5_m6mWAolHixiMNkjrPt8AlVCJlyWRZZMeDPAjbMcHKU_GRMT9xiWG8emGNcqtYJyTqnPk8LIiOr5tPuPBVBe6fn3gEtoCMkGrWpEI8_BLnY89aevji4NfKueHearhCekHfjsw_-PTBLVozveAr2PwWF0Znc_uChAl8vGtZOBXJiAFgYk9YX1Y4Sf6A6kimcArFnuW_wzQF1YLbBVu8Je7tyLEOqgB7ydZnbt_rYWJAP8Dp50jiCz7_1_KJMa3QmFMuXukptFr3A4b607S-O8CZ95H3L0FQYENu36q3SlWvwK5hfa2DVBPVJHtDAplqL80Ffo1i2vZnifrbok49XQKNCg-qs-puaSHpe_ODunRwTZ7cYw-jnR_XEGI8XKAVQP95VGuUU0VoQa1nRd7oWmTUo4STNyFqD0nO_7On909eaWGdZtz6K_DKL4foN6qhQSAlVMb4UC1quht1W_qsvDMH0bXY89k39h-rfLwmVnD7UxlDv0LEFQ_57L-zO8pXBOFzLT5tpc4rKnxNYUCQhDX0Cl4Gyz-5pQJuhAff4HYUVbFIGD2y5Au3FgEVTTK2osXYb21rMMAWmwDDNqWnrzn-2TBJEpga_A0s1z0KqAYgoCngVe5eP-BHY=w1024-h683-no', 2);
INSERT INTO eignir_Eignmynd (mynd, eign_id) VALUES ('https://lh3.googleusercontent.com/-N3JZgUddxQ6DGgrfnbxObJqZxKlXciopz87MlsWUoQeeQIzTtu2yr53EvFmOrEA-1wZky1N7PSUP7LXbYr4SnrwU9euDgplZ_KAWYDsSNliq4bm5PniDBDv3Arczkp9XxYZ1Bzzr6ON6JV4cnL-DL9TjmzYKPCgVywK5jhxa1nzznM8hDbfdDThHsJjDAJMjKbkQHIfEHyfS1QcnbpeUPYue6CwmECWGwsQ31eOjUrs8r4ZQ52NeiUa43UvQrXQVV57VGo3usdhYtFjXgVAU62ZikoE2lx1v6u9NBZcqvHoyaomqPWAZOoRNy-bybu6yaICdksqmZfrzEDZYCtEjGP0_WNqZZW-0A3I4shgHziIeqff8qFY1eR78b0tdQul-besCUujx735g9wvkHTOXNTP2_Ft5ufBlahSILJG8L6PPPk5IL6Yn74yt-KwUtEVozgsFmNa7cVjKJSLEdaEJdUS_GUXVNfXQARQos96reiggL-H-v5nAiPYpHicvHqcmb0MCmagWpcgTXVzQXseHqH29ubSIYtX7TUVVnRcGgek9gzNaPas3tGOF8fpNYrKyABy0cxIOP1byiR93aEC-6GrbsZ8rAYw0y8OOZvpg_mUgwT_wsGoJOrpAEojV3jIkpXouCNc0ZgQRgavd8dg9z7RUHgEGRA=w1024-h683-no', 2);
INSERT INTO eignir_Eignmynd (mynd, eign_id) VALUES ('https://lh3.googleusercontent.com/llRfaRqGScLoxsLiGJoxc2Pbpn10VycuPof8ulUKl8FbkTYr6gMu0SkXLnX6aLWDW5pH1dl7_7-zqFOKcXF39tyTBFZFgVNG_64S_uMb08nYCddUVDBjNCpQrh2WDEcvmzfd0eiJaN6WRAXN0gr9ol5cTCEXgtIDaFiafMIjDdQwaPxBBX8_SftuaYHdn4cOg4LjrVFGsbjXnNt7PeDxeTzHpN_xpt6knYAhkiK2c1YKhHXhtw72862jwPqtYdmwqkveA5f5VaW8RXSKoWJxknajtd4s2pA6mCCHrawmjaWZVjGYjkp0ql0Y6nyWpLT_2UymOtxPtoxoRoic53HftuOQuaon7TEqI-wXbvEcUKdvdOQs6IAZ-sfISy4cR6ILLahfPDFc-roVyJvq4r2VF0ZKsP7FDAL41wuo_z5m115qlEPDO7jyUecD1qexo_E3bS6FDBb1sXOwy-2GQ2M4c0R7P_Tw6HebltYiHAZMiwDcY-q0ingWMko5EgSOrix0653E-aHJ9YKmzPwaBgnO_Y7TKiX1W7umQdro9E9g_dBxmE-41v01URgHz8vZJU0PEeFZFTiT-yGwRfInIG46Xaig7iRWGUZGZd5xjP6hCTxeuB3xq-Y-vyYnXfdnJRDwGtL5Zx4Yr4VgHzJtVZQSk8sssQb5_EQ=w1024-h683-no', 2);
INSERT INTO eignir_Eignmynd (mynd, eign_id) VALUES ('https://lh3.googleusercontent.com/r7toinStpOgIBx7cv88EzVvqxvXAdBGefvKtnOMkSqKzp5XIUtfsJWLKL1WQmqVf8-uPJQQcj2XpCius3MarYe63XPCCLiA92OGgwrfL_InBC8rcillKMdtwXwpFv49xd8X-xW-Jnb8JNZWxWvG4FoF87RROu2aQti4nfTpTI-X3kYivwZKooxyFYCRlkc8nxXW-weXpOS-q4h8qckz-YvUZOyhWqe_b-3D8UvGJSnOojfnT7hl9fvDOq2QhKwwnlod59_Be0Vs8LDm3IhFQABxnFisaDb8zQ_xusFKrMmMQbGUrTtE3Z6cihK8xn6GaO5OHBvDle1f4eB74t_Bt_6DljfgMccH4BxNIscJmbZfnr-EdVRU5RKX_mt9eoDQzTFSqSU2cLNGjSe-LJcUJbnuPRoShO6cGlSaAPXP9BVV6vfi074NzyvR3IsyqFaWcfwN89x2jVbMUP-v--Qd1WW2EzYVRxUs0siZHsR5DAXXDhKD35MogDSiYHBjuH8qhSL2uGVYp5o5MWYyejxWmBjb1bACiVUDA8-kIXcH7zND1guT7XLItbNYVXIvgPY1dTuuv8fYAYQv15RI7hAH_HQ2quh5yEdpEbbxW_k-VlgCaH44CyttSG1L42XUav_t3c8nEAx2F1MUs0vkbOn-SyjAjL3JTns8=w1024-h683-no', 2);
INSERT INTO eignir_Eignmynd (mynd, eign_id) VALUES ('https://lh3.googleusercontent.com/135U39WdtgAfqmlyaJ5cFO1P7hse1vqWO4HP4XTXCKCVvLwPzI1zWrm-oGQNqn1vqiiAs8qaojxAQp4ebA3g89qeN08285gEZ5RPKmap5Pi6jxzMHYemcd5FOoTcqhlFxY4qNNnq3MZNoWFG1SVyk_pui3pi20gzd9d5HwzCsthYW-tZeXF60C8-AP7HdzFsfqBAQd4ZJ915kX0op3dtxpLsfaJqBmm1PC6uGeaQGu0DUZ-kRLofu-sIKS8umbc0q4PmU4i_3VQc2qOkTbISpQRe5pLgav2wHxNLMgP6zb99tYvaywfczHKKLXxddwFCKzXzWB4zW4bDxllg1uBzlZUZdNDfVCxsXpKfvJLgIRj80iz56ZlCqH-PXmK52WnLcenR2wfoRM-e1iOzrQz-1AJB815Vzv2fSrJmbyfpdHnLO9BQHp0JfEHXhXEJfK2JYwawfz0hUKojh2AHxQ9yCGHnUYnGQM4o58XrszATeH6xtbQEvrfszwBLXwB2kOEE6MnvwhezNyxq9or4tmCuRFTwcXW8anClls4Z7gGw5qI6zWJPfQi2feYZA8hiJWr1irdia0zQiwnCiJd5uE7WDwHoZw0XodKAHluRQjdMLYm7Esk98eKdx9_NjCbD4Be_69aJh2PDM0gpDQ_vYABWmCNzVN0MoVw=w1024-h683-no', 2);
INSERT INTO eignir_Eignmynd (mynd, eign_id) VALUES ('https://lh3.googleusercontent.com/ByUztthPlrRz16wShRUq44Su_Ir7AZAc6Ey6w9xI9J2-2s3kJ_Y2rKTfEt9LHEpgS54RLwdae5W4mm7-4j9o6D1uz1YUIYGEgHNH7E3sAmkeqt0rgoHVIs15KifPzD05fRWTiRom5tNeX9JJOKGn_IrhNlJTwKWGykbvOJV0ECHiLMqUcuqnYC7SuS9iBTq2TR_5ftszzIXqYbsqZwPzXsBegmkO7VNcPFOVO_gikSw2czar01KZKgDNEGDUCz-WBJG7B_M111Ca4q34GcBWoRn7c7YHfQW1YAfuP7oY9O-KiX28rWHw_ufxivNiRLHIDIhdwvt8p990Qk49RFXLtgZmUwZbHVf3O7I_j9wUtSxWdz9kQmTOtfV-ODYSHAm8OXnnV3jqUoZ3rHKEh61zD_56u_Lk9TEcP0oSVm7ZqQNJIxj9SLSENbCu6GUBvF3p8KXQn6MM6Lzfhp6osm9S3cA4YbKXI0e-Vl4dz-s06_W2vKXykeQ3m7_td6B8tCmeXOJG6X__lXS-hVDRVOYd5RB5gkGOBr6cAB1T1WZCzOBXBuciRkK5IIrCSHuHLKyMDLx4BSW-ghG336zLPaDX3Upw1Tlo29IrWaFKa5PJJVU5PeKbFBYR1uUNEXyd68g8JDOwcqIzIDMgaHueR0GDmobpbqdRSpw=w648-h969-no', 2);
INSERT INTO eignir_Eignmynd (mynd, eign_id) VALUES ('https://lh3.googleusercontent.com/oC6JHOS69gtpnYcFnCnFV03q0HlEgVzicvniHy2Wqu7Hs5FSleAHOHHec3uZr21UJ7CrkTZ5upXgaHWGK41_Zy7wo08SqFo3bIqueecFiYURJQNOEX0VeaT4oaczPVkAmpKTgiaysMO7LfFMaAJWPfG6FkQWznWD5VcFcXqAYzgTH07QUmIjmIx7EzJetYMEETa_eEdhKRtljbuQUbuesznbmiRtQKVS8-yV9opsiquXuha4d4a7ttFwi-YlnCOPkqduiHU2UtAEjFlH5_ue1XY1G1xhznrn3rjwUf6vaDSlZzesmF9hLqL16DrpX385JoP1JEN7ufjTGdPO1kFTo8zBr1AkzoznrrNkzeXXzcCF4_5g-FI86gIavtezYTgr5kX82ibVNtykoSlaNpv_soXK2qF2ZPnpLvW34aJMO-tsfb26cea2JWfvZTo0XTvL_ZANrVEXanrmV4wHCBsSuituNPcH7GmKq0lk9e5PniCndIYgRQLBf0oRfSpQAEwh2uDRc-65WgK6mtczcp529SczroaxeBbxHU83R1434sEVjpHPPCObM77-2q_rnh0uM33_jlqofI53ppsW1UWHJ3C5yxZWJSFAC5x3xy0UcloiZ34Sb_xNoQmJtSlXILDYky8xJlRIZClFXY55XhLe-9kl_M-3r94=w1024-h683-no', 3);
INSERT INTO eignir_Eignmynd (mynd, eign_id) VALUES ('https://lh3.googleusercontent.com/LiA1ukPylUQLol9V67RUIr9eQnNBWujhpAiA_BCktz68GKgVeRtaT3wKrKkQ8RxnnNJR6cmK9j08lQLfqY6WIv1P9157Z8N9AkRDSUsNi-d3yK2_hI1fxDK0m6roZD2-4N21sHG2VenNvq9RtQ_mttp1WYFLAvCsE4qlWrJQC8VuP5SFrCKClwZHOkxdedPhcLvkfoOEw_1lEnaKDrfljX2opeGS2pZI6-c0AUwdAlEaxrzdZ_TGoHnqzkgp2LLv-ypJoiWiHyuOwpmKnx3PkpGBAzl_43Qm-M140Klt_G2jDehF1JBESqEZvA48Fb9O1M5eZMpVFk3nMNLeRccgA6j_LjAq2iWdESou4kdxActoAiJk-S2BuDQ8B5tbxARVeI9wye9hWWUDXyqzZD43fuUFfaGaK0noE2DqvJQqspcpFWuFPtbH8H1r91h0iR9tIgLLO_8CJXreo6ajiSLDXq4iOxyP2d9ia_et4WRgmNfmxYZEyTo60F9mcW-4LXPuDwaVIjjHTAhfe25MylkFXmWWqB9zJ24RbuNlJH8hOEzxUQ22TBVJiUwlkNlmaf-O1QDSPaHFZapH_8--JvHCxS6zUt2VSSmRJWNMfmV0UU06oBSgAPtC4PbVDIRVLiUep4RJazaNhorpL0vVzUBNsMYFI00kr88=w1024-h683-no', 3);
INSERT INTO eignir_Eignmynd (mynd, eign_id) VALUES ('https://lh3.googleusercontent.com/6Yb9sX77HkD-a5FGO0_NCgPJw0SFMjRo6v6eSumnCM2ErbLpnn3bcsuSVyz4GuJbNZZrnYGhON8o9WkVNSLLEyGRMwwNmC1l62bNzWEJxfbv24IqKcqcTScEYw7UFKAKrQRr-mqXatHqo4Ey9l_b-7NmnaWgki06aoklmL--3fil-hpMAs7OhulCJjPzRzoYPUDlgY5MJLv47S95R5euUiHRxzWhIk2eR5wOOxZsHTc9K7Jmmw_5mpEOPnilqt4kX2TfDNBgV4ATYuO2VmSsEd2yqTUhIMqDO0y94PMFLgyDPw4YZO2ISDenc5SVqN_L44syjwWuvxYWug3Wf7xmd4mJ1sSDhs_oH_tO-e5_5wsQ72oQvACf4nKJkjjH0dN1_K-ex8P9w5lNlZRz96x8fuRwAkHbtKuKCLtKIBY7QMwFGko1kXrKAzsQYtYx1dyHNhuAWMT0z04h55fDXT-Ct1LmiUZBSc5xl6C4qXsRYaLcJfhRfmYZB6WZTqvwivn1znqYlL0oQJfrSe2C6r7FNJx0cOkj3ekcihzz-bwm5H8kUUyKkIJiAb8DxzKwqxJSOAH8xf8N0vpULxm9QkMLUC8fqWpQIqT4sTzUYlT_Q_gBOLQ2-tg2yjBZZvtl4a-NQyKNmdOPBBMv0T0Kv7UBUJm9XzsH48A=w1024-h683-no', 3);
INSERT INTO eignir_Eignmynd (mynd, eign_id) VALUES ('https://lh3.googleusercontent.com/R2K9YOa7KXg8rMnyfUD9yCleLr_Bs80B3viA6_F5k7WwZNq8B-LjLmCT17scpkdOG3bdiL-dHCMtoxHFaklyJIJPezZtDxcrOMbeA0m_D8tTKQKyx0xx0DaosbXsEPVBYC2zl331nEyFU_7M_s7rIgJDc8CPDHHqfNA_-1DzixDt-lGoawLSfU_HDLe4k7MFXNPpc2ZEOhQNWOmWnjlgv94kByv_hVJ0lFaUPPEJkL6YiCN8ty85hapSO53gm_XCEIpcEIfXeek_q05vLpGndpbp5xJ-YsxV_2YZSGDYkY3IW0Vr-dBCq4li2fEwzCD6uV4Niyu5Rt1pGRn6Fi_d_bF6jQQAil-U2Fl_5t4YAnuhxcDV4E9PO4uPiq61GRZnAiFTVaCSI7NBlhEWGTgdX8TO3f6HHwSqRIpb7FUlErvcDggBoKTVk3Vh78_CQlWOMlPdibHDLwcN1YD2VrYZRfTeHkKxRRkJi21cCVzGHYJpU4n16b51TLhirnSFsdayFbWKMekgYE1D94k3mImQwYnVXYhbQuPVksF296p-lXQ4RaH5NHasJoN9W7yCEehebiNj9vkzm4TnX5VTZADUMyKHSghwGbbRlkqwS9ip6mHlSrtmqnyT0jFDQ0Txs1l4czBFx-VLUvTnHcbjy2_-adnk_MFuMB0=w1024-h683-no', 3);
INSERT INTO eignir_Eignmynd (mynd, eign_id) VALUES ('https://lh3.googleusercontent.com/9naEx04TqcHGMtzXBd6FVVyizcnMRNBiY5U-KpAq9t4hsxU6zr0W_qzIj-v0YnUKtWStaAXm2dsImGlyMFR8pTqhjSriEGd2JAeEjasX2vT6pMzymhXi8AQnD1sY6AxWse4fwNRuguLHap3GZyAjZxS8lpJInR5lJu0fm-fG3CqgqRvewD2-__Epp-BYBijT8vQh_ZU7K2hyTnUvjwET1kCHYzZ4V6FYTb-gX3nmW6MTCg82N4RUxo7tBXxzKYI4L76BH6Gmfh9De-nT4GV0Q93rxvEI6Ro5aKFytdqoI-59qlSSSyzQHWXmjz_eCCdur9kdRQAU4iinRZQU5u2Zdn9g2435mPGwTATQSlU9E8msjVnM0aj64vYoYKZrhgp8YFDoARqZhc_Ro4op6SSX7hN5g1qUgG84Q0q9OVO1d7GJk69_W4e-PkZ0-WrMZSqVj_JrdMlObQ0Rs3rsNA-b-FsNjgq4BdRochSIr674f97P8pOiwGNBj1vvgJ-FAtAARHUa74ys3wg2R_-_7DwWFV6vZye1l7Kjq_NoK_EAE5weLyEqbBCvQ-uJGeMdZIXUG3rAhKqsNodMZ-iHHwtAoT4-TbPwLNGWPHc1M5ykLVRQVObIiBUa8wiR3wSWtUZjS2bU8tktIYmYA4Wh_9n8uKkgsrPmOQQ=w1024-h683-no', 3);
INSERT INTO eignir_Eignmynd (mynd, eign_id) VALUES ('https://lh3.googleusercontent.com/puNP9bFYjJZmSYhTtUvOSO2wqbBlIHXtN5B64aSB6VZNwWIHrdACczwzBc64zSe7wFDCklY5-WJ9P3vVLaoDZoeQ5QKHm4FnSAdk5k_SF8H29Ft-rdIrgW3iKfN5f3r3dJyGfD94sy5NpL4havvZtmKzw1f0KuZAYGYhZyFblEDOWMgzVcScSqZ5-rGcJtBfnmkFKcAACAANQ73DHV4ieyzbfQZMpVZvi7zk2FlB8Lnj1UjSMUJ67ZRSIqGt6k2tMqgQLh9_IZaRava03hVoPIhlwe3WZ0k7WNDFWupzDvnH0-Ahg7Af1j0KGfBCJbYLIpJRHBY1sTRWqYcr5AfqRQM2O0TZdFmaXbYZF6Ha8xrP_S74SH8DiuyFoyBBf10l41KDGuBMneDNm5bjfrvqlVV4DQ4pnb3sqyOHkixAxUBag1mNDUuAvf1XrDO67m0ZpWQ9kDgfzTxnppUs8-e0qmHMOGopyKhMhU_RTIMutllCkBo4muNKtX8v_4xmZdL7gCIFivXWHgT4e457o2zwN2DkgY76eeBhFCj_cHsTQ7J6x3tlrClw3rskjArBttLE_fdE_qOCtoABSiRGH4SZZtg3iKqSDOWjZKh16myH4-WBCZbZqdFBTEG3wUlxESG2mLK236WcCs4fM-PSzbaujIg6wxlUVTg=w1024-h683-no', 3);
INSERT INTO eignir_Eignmynd (mynd, eign_id) VALUES ('https://lh3.googleusercontent.com/2eanS7dmhbJOD1Y4trp_B2NOjLIUFBzTkX_HXef8KNaYPngRNQNDCew3fkR5KmDdkf7dw6-JyTl5oasIaIFn8-Ix7NAX6eU7KqXT0UTGlib1SBBV33rLGR96xPLJCtdzir8SiHtbYcn5Jjkm6zoF9FPe5omoWQOnRx40KB_C0L_ykUwRHcnOh1_Dk5veuzUy2t4N8ME-FbP0mgBgIEJPxKPAWbVzDwwvGv3vOkzQFpJhDdPT1DtqIbzmNUmcEWgl89TxLNQlgJXEHrgjYRQSwZW2xFuhLcfkasc63zrdRTMQItH9aTpKvlXhkXiWV_vP61rJHoHtL65lI4a_ft2kGjy2Wl1dkGjdYOmQXQ56Qof3fa9I5J6rdHHAdbhb5p4tFv3mmhSGcI679yXGctPbpk5tKnRon2BGuu-piOKzfpx5a8KHApr96spsC_1XyHZJpcJ1EEXpYrimNNMd7UIXQK1_cMz3F4dsHjoCbtpz6S0nG3vbafmFXBIWonY8Gqpb6pZP4Yk2DjFheQDJnXUwy81wqJFFLJi91DIp3anNOjYrkCoJKWFC1XcDtICSUMsajQcQgrtlvRxyI9qwItMR4gdEovp073hi_MlMFa4EjiKMFtoBsy06xUygyfMMYp3_25gLJ0QzUyaXunwa92HW5OM0ag6m2gg=w1024-h683-no', 3);
INSERT INTO eignir_Eignmynd (mynd, eign_id) VALUES ('https://lh3.googleusercontent.com/oCWHRpwdorOauDE8mOp1Uu5OyVbqpXlhFSXcGUcoHWVLaoOMK2Z1xPktrACa9Dn_yO9jkZ46hAypCv-RtcoD1V6jM1AHflQM7f8Te7n8kLqJMa11YsY6nONYdojwRWQcSSUkLeHmcQohwnI_DoYENh99wys67YEV2YwO98kMkIuDBVTIZr3wtYAWk9PMJXX8FIYmvYeAXQa4B10SwiAYv1QRQmlqUCLjA8N5_8xo--MX-gBXjHe5CX_O1Xdwq-TEhlfbc07s3xxeNSexvKe-s8-aQ5NJ-OXvI_BnSw-xwLYSKo5lxqrnNcjZml10J9nKn4VxVXSzg6xHCxjrNSex0-6ChWyLUIITJXInSnf_Y9Dx-5Ig6ccWG551oFTGU6b63q6ElrII1VpCRNQ7-07Px4hLduOhgp-_Vuyu1RDNjYuusD-oM1wEOj5Z4m0SfZKaTfFGXN2MbUCIFx3KHGqTZo0uObLaMYAnMoY95b9iyTT41duitQ0PczaliF7JYslSiSQ4USMpwx7oHTsdTas6kPmy2oDSKGQ7pPgFviix4H0Ju8GN9yfuYs4hoVgP_ksA57Mcmgt1CXxdyos4T79xqiPTJKpYH-MVHBf8tRGTtF2i9wjxeHtDnteeAfxpSI5R_KtY0OtK8p1teQUcnJizoTNK3fS2D7M=w1024-h683-no', 3);
INSERT INTO eignir_Eignmynd (mynd, eign_id) VALUES ('https://lh3.googleusercontent.com/ZjhOwMGC3Ih3Ju10PLgiKRA81thSRlxD45NMjYyzIxexQ-juknSHAI1hNGbiupFHe3FKBga2oky1XzVVMxSeeLNnYTZKwkq3z8aAFemsy--AR-_wtvliSwApS0r6IVhkq__d9y7bgReRZfpE584HHvD7eif_neLSiQdrW1E450T0xIUq5cfNDayccIAdNfJYci1k5u7SaVsgR2KDouP7MsBBykVbmyHPu72cBp0oibc-WiUZZI0iOM9mKjuNB6Y82jn9OLfNbDoV0arPAGzQjeOQ88vU536qXRzlUqF-UyOOilA13l7IbS5Qz8L4Ptbn3iNtFCd2uFjjKEQkax5eS8jUjrv18YsnO5wjRDB_khhRpYTD5AkEYFnBp9SVMmn8oNMoClHjYvqLOjxQLgXuYLFy6SkZOnNvJvTTD_mw5kF7qCsDovIS0xMg6NQWc_ML77nND28D2xer1OSbTbprdFk-LhrWeT9D9-6FvX7O7fR8cOOh2ieid67GfmeYKrg3VwHJUbgh9DxFdVw90Y1WDOb_rFT2VYwmjB7FX0Kt5l5w2ngeKuqNAi0xESuo3hiEqiNogBT2RPAbobag3flBJJcAijlAWkw2drqBtHOUhzM6XduPxJEfyFdC_PW5NGJw7pdU7c0GujTkBwsD3lIopGnkbLexZ8k=w1024-h683-no', 3);
INSERT INTO eignir_Eignmynd (mynd, eign_id) VALUES ('https://lh3.googleusercontent.com/4l4WXJimP7OgbsEHLzmpCkEnfd3wdUuyFFxv2QjABD1Kusp5iXFp-HUsjJ5_f8ZX18XYVRuacyNrY8TGbNCx2O21bn2Umu4WZlpQaRFgXb5naEeBACXi807o06bdpH1AM4NaEf3teS-LLS2nAZZnITT7jFTb2Cea7hYUUXCeCH4vH1bwJ9C95uTwKcwYLQvy2W4iuFQJU-ntOu_QFKuf4OT4ASm2UGXm8Eu4kFEBUk1eSrrL21p-3mutVqzl7Axjd4XRjnSFQ3jwwZ38pZXIOWgVqgw88-zyPjHYyqbdPkADWJI-7jcNIbfncZ7eKFLe9bIoUjQeKi5nk8AXuy3WT-3HfSdrD_QLd_OVSPlhP2OyzT3TYoI4ntfmMvMvDIbHp1F-g6oZpbXGfBbLwU_vHS9I2oLFw-uqRausgjUVyqpe18lfWGBTYT82eQR8TU4p1UMXOqbBzDVJBqiE1pQTrvWvNrhnzZDFKLaQs13dNrFJgBqedJZgsovDTqFISp9EzuJv89pw7AGKoD9Nr6TPgPSIXDQCXgaFIm4-h0MyZpi1zBezwLnQMtAOeEo_PB1NN71GWzrnu7uf2U1hlqi-BmflRMIHG3nkj1n-moN7t2QeoTKJ7YQ15fjpoRiiyo0X8B0v1F1WANijWgZSnGpTQzgcTaL-nxM=w1024-h683-no', 3);
INSERT INTO eignir_Eignmynd (mynd, eign_id) VALUES ('https://lh3.googleusercontent.com/gdE-WxVD7DzY-RbF8qq5XFSX32XtMamIl92y7S5VjqMjRrQxCdRWEABaBHz1FGCeW9kRl18OKYPDC3QCRy7rBvInvUtoDwBcNbz-sp48ADbqSinVTherVeEkf-S6Rm45_xdUYSUaJjimoyH_RoBbTh_X7XRnuIr-I4DBbZ3FEHd0_hZRHAI-zdDLXHwrhyl5fwky10prMiKf79V_J-OtqTVfT-i-_wRqFpxBrW4BmEvOAaFXb89Ci-Fqwm3K62xxP2pzNRanaqHVvGloiOUg47DHHzOxLNyOOzWlXoEX5VpdiC27KLreXgXuSr8nrP99FtIeWfxdkXUJgRcP9yPFQgMeaK5GX1r9uD7k_GcCIB7-qkm_9RG-tcoX13PhR8I5gX709WHvPnZ7fBqZipQBEBzsZQO5V7ylCjc1WgK_Lqw3wCv7d09Cck53Rqpw5v4Y4Hw4JOOLNestbVgp1wOOI3Z7QF1nMvqsONqdmci2d1Ayws94Nnzf-xzXS8quT6EQk9_STkvT8N7YjvNJvDv-_BDwNwLn2lKK3Ps2j7juNjzFfbPpqMoyRrZW850hUlWqe8NRgrjZUVnS2JD0eCe9bDtUlC7gePb_bfpmNvcrmHP91d3wgKmROqeMx7KrEIT_oe8XnRIzB70Y3vyqFDw_fsJwO22yx70=w1024-h683-no', 4);
INSERT INTO eignir_Eignmynd (mynd, eign_id) VALUES ('https://lh3.googleusercontent.com/4ZuLOtrd5FXk1MuUAcj0DH15bVaU0FZRjnzGkgWERbBpsHPcWlUPvjwiYbTo0RKmmfFWCJuXwDWmVaJfHQISgVWGAJXgUsUXsRWNKvBP-eK9XIdXRR21S8_Fl2n_xV1OJZj5oUKfsNhVXm3oX6wA_2DbEHlVbAf6Xzybm4HlTSpn-PUH7JwkunaswQnx_UweoHEc3eQvqBBzVtJU37VlUJ0X7EJBs1FxDYlZ019DoCGnF-XOVM7ZGJ2zn38N6RZ66I4RXnGlI_yj5pLx_lWK-P_Jz6gRrAXmJ6bZ6dpjJ7l1wX3ItNfWao5v_fqWYhiDZ8sDFhRyWKkQVfpcX3M1MZLs2mSD2Dm48tmr30mP9YDpLgQUhq0IG42ifUV1sWKVtBGIwwEMMexlXJt56ROWydTOMc7hptn0kwurDzElgeApG82DF1xzRt1Fwibn63SmRIxlTJJqCZHc9793U4ZYlVECRItbKLCA51TI33lbOcIzYBL2fkohk8BMb8i1IzCcp-jJIl28Za8Tw5VuXcFck-tml3g_DHQqwBr3BvAx3-Zw0epqwpwQEN-Fd72Ncu4zRf2bqLUwlGBVsuvurQKcqC9kBchZ7y-w5Gw-GR0TolYp0QRY4Lkdz2hYO_BYvkvcQKo7TOd8nprqcCWW1S9kJly2EPLQ1Ks=w1024-h683-no', 4);
INSERT INTO eignir_Eignmynd (mynd, eign_id) VALUES ('https://lh3.googleusercontent.com/7HkSb7qSmyp-D_7tQZfe8ZtSmKNnCPrMdbbGirUucfjuyrRf2izOLI_C11tp-Ub6f3Eh_iXndqdJ2Nfa1m0M-URqLa4V8TqrBzlv7n5azZUTqbFUHlWUHKs6hx88R3vrnvGhLVnBH93ESIfJQtb3BDyniWfn5DCDNWSXdDqbRBY0ITY0Toivdd4uTvCzJYYsW2Y6-Ypjz1FwfhT9HHGi3v6DCzUNQP3phSph6DRDxGPhGfGlib7ntBVHQrGbPGY2YiixDc86ro9uuKNn-9qr7hZF7gYzdpxFgQH_tglaqaq47-HZf4LF8zGQeEazW3t9h0b-Ly0GtYqnrGzjvND9kSX6uQY4zo4OyGyWozsqHbOFFjouX9QvlLu0T3cHjR0gR0XsF04qOR9KOppOPIVxNivH1fIAMaaVSoFR6A7uLUa2KlAxwhc8oMA0v9pFwl5_NYY7fpYV1X2aqrWWyZO--j0IFyRdR1qIoz1dOXk2q71s1Jo-5fI64ZNlSi6ErPgeqSkp_cMO3wgu1jPlnlsQ4WEA9uTeyp8PiA5ikmOmh2H1DV0MGSPD3zepKod6A-LRWvwFQoM94e5cBTaqFNmHVcYn14oI6mGad0VWd7AiX5MP3SHwVeEl5YeqqHxeVetLNFtuhhjG5Ez_zWyQpJEzfvYlVu8V5lc=w1024-h683-no', 4);
INSERT INTO eignir_Eignmynd (mynd, eign_id) VALUES ('https://lh3.googleusercontent.com/ZnnUp53QC9Q3ErcujZ3T0nxi0pM6p6NGbVWKf2r0-2LVt9eqdLgFBBQBzVIqj1ZcWR2Qwen91PN7ZyKNivRWQJJBVuuHzFVXlOcnFxlTnlVeoqIuFAx_e5OncAojcuETbKMoW5Sng7aeVbLjgr-5rJPSdq6j_5yBHFNNBu-jMD4Ii0OS3C0QVwjGd3WKwQ48mEJqgc0KO8hs-K8x6dXLKu5Z9ilFogZDqgDEZltVgMuDzXMmuaKGKVFTTex3U1Sc7QDtX-dmuAOKk2E4FO5K2tLDeDe9Ws6gMuGR3mvUXVpJnRVWMb-qVUSD3oB8c9VTCrSZQTU5iF0RO5G_-InqetGCeOGS-Jr6Tgh8wBEfRSQuRrkkQIO5cjNAFf2-JkegEnoya3eTWghxba_3GkaPRtSjZqAMtQW_5DPliiE5bZibIHRZmSPAtSAMMhvaIpS6zQf6fhViUJsG6ERGuXuU1S3mXDLSe0kUJFzNrTtf79o59WYU03sxMK78RqJm-o6hul9ctlOGZ_xjEcd5nyZkYlVxW4Rza9WH7-u3CT67493GrUuyrlBFdbgGMuU-VciBf--U0uXXUSg6Z3V0ZzMBC4Dfoet9LATwxd5ovN68werFFAQqIkk291FcT6S0vD5BY38-okL4fuWLGmOJXSdBKo5mB62gc3A=w1024-h683-no', 4);
INSERT INTO eignir_Eignmynd (mynd, eign_id) VALUES ('https://lh3.googleusercontent.com/PzYVX3aH7k_669D5Bv3Kbds-DYjlHi5FP12u5mBWClw174bfkp2Z7aKWn1T_Ki2lTPtREyeYO26av2KVmbYfJTSSCk3w2i1xTmvHAGL5T7kcJ4bdS2J1rzYLckCv1alYnY-iLaLj8rdOsPuY3CGh2p9GAf1VQD4pKR7ECMhn9WZmBmThSq38BwNBUOOEMUeH0aSIOuCQjyvxF0pFfd3T_k3XE1wOyI2wcRvT9qOqhHEc26HnhhYEgwserLiC1YPi7RcKPSzxG9SPxBq7nd9Y8zBTDwYw2RtHXneAPZFdMnCOAQHKuK55Fv5n4bMLOTuJxOX1lo6bp7Ph1rGnEdtJZg6gKWnorzSE9lEbX5giTjP0-z2izne4NDrRfyyzQo6bidFGGq03QhNFzGPhj3v9qzpu0mZjK-IOz7pn_rr79RAbzj0SivyTp9sshSwmPWW1rMjwEpWEM3tttB3Gr1vfwobpuLb7xLHtkwIxaVLH747zbR2sZQbSS4SEb7mY-tgIPjSZ8zFEUfIPFQ0JAzz-CEzVlxnScpzHkcCxtsFJB5F_qZrLFD73EJoHkOIEQ6r-7W-fC3RArg_sgpLj9KOfBT7HDLKS2Z9EQk7dNldEF0s7nwF3Bj3t4QHDaiUcyJ9J4MNHEU_Mvb3LndVoQ_OuXOkd2WqtEH4=w1024-h683-no', 4);
INSERT INTO eignir_Eignmynd (mynd, eign_id) VALUES ('https://lh3.googleusercontent.com/EVvr_miF-Wd8Dp5Lmwk9JIXKbiQAsjdCWhU6gmwHRJ2vqrr6cKjSLBCkuht_9hVsf1XCPxROqakr0UkRpu0jugVvg1CCV1RXIDn_rJytqXXH_-4LuNP_9srjDOQH7p0r6LcPin7Y7fD3qfZ8FgZchAPXiH3F4Klv4XkOs3-z7IGu2cCGAmxW_9D8jBvSBcznTAMab7IKjT1Yhor_rX6TpJXmlsWsfX_59PuXpSZ6rrMm0rU2dSM3PeZolCQ94jReJbA9x_-_9ROBKBor11ZdFFyCcjkdQrY8dNWhDSa1seAys2Wn2NUk1seXGnBi6TLajNB51E5SfCMQhHhIyq4xIr96WgPmCsj9qfIcn5pPhoRnvv41ClNsIDneb6ywWNgVaxHljxvtpbOReKobc-tpuH0IfH9UowiZm82tRSMSh2r3O4FvvC9lQN3GONoYgfJMBbeYoPH9EmGV-ok5O9juA0Hy8p1KrtnxXiWB0KZmQi7HvgeUqC8e9qso9qGSLDTv_wOQzn6pweScBRfIfNzXxYu3j2pUQEdwT2EQnzpDMqsZmoNRT4e8dWzjm5i2ExZhcXEpkgjLmK9e_8cCgV4ShZ96WyZOncXI6_u5kfdoORVhX_ghyn4wB9mmrIV_ZpF0aGGWzFtknEgXOqWPQdkOqYMEH_r-s04=w1024-h683-no', 4);
INSERT INTO eignir_Eignmynd (mynd, eign_id) VALUES ('https://lh3.googleusercontent.com/kutLNaWLhrjAesQFYNDtApnpoDMVWLCWr3NFfhCWpI_BfZx6Hh-Ef7Wdj3QoZdmhTCMMDYNoP_mQPXTj2xZiD36ZgUp0shic91p7PnMCVinDZ_o6IQB_UUDudQAanrxCGrKwNw_eqo64n5wK1s0-aSPnA75vPwBmDH47sg_A8vx07G2AeDbryprn5NSLKlQ4S53uV1VYVOIih8dzdo1GfiXt0qRPUtoJujAdjougYO7AywDmndaNzv1s_O9BXSRlhFlErr2nHHPuj_RMQIhT8PzleIbCvGkqe3vsETY_M3YpLLifUWPHmPtF9QBUcgY5bd4SIRot_NLhDqufsJUg4iWfCpMa32dF3Gt3SmvzIYE3tUHGsfuBsCbqL1janSg91xIlC6fVTa_6ZHUhMoXi7eXaf4BkGErVdfI5bdHtuAuuUpFECQ0S-iAcr7On53A1jCB4AsEjHaQmKROL-VXK94Lw_uDVqH3M8kfxAMepQRPhPv6HMME7hI8F54ZXFYLtFPYJX8zFBE4owJaI9JduYr7lF3ZhxbGr7BzE5KmnsGQejKQ9V0I1GJf63BIgeEXyvNLLJaZU5N8HDemLlruCLprTUc4oX1ffuEW6p4dBtv09uSMUdHsL8BF9JPQCIe2b59CJTyOAop4Skk0Wz3TVjHNo224eb3s=w1024-h683-no', 4);
INSERT INTO eignir_Eignmynd (mynd, eign_id) VALUES ('https://lh3.googleusercontent.com/rNedoSutjvz5dmBx3wH0RYVt6ydvdXG7WG6nbqfCsW_OzdMhfk-Oj97vJQHS03oJwjY48hzBuiTcGw3ZUdHkmyK7_q8rLhcFXu4xWz4uUSUtISaYG6p2tj1Lx_NWaPY7NfoXvqQ-rDlKeOKCoKthTU3Ui_WzHwQn99Py7Kih-QDkVwd8OxnZpTGzOtR2LOry6k3ZmOTCLuVT2kjhIl0X4uwHSxnxdf5rTvO9OfbzP9TcjpFrmh8tEwpRWz5833SU4_x2sJhmuNYJ_rHJQGmXy9i8GUDH_9Dsj9wyAYdBHx-1pfkPQoC1genHgs8AuRqyUTCk0QnGPVxzcIrmlxREtSUKbgPeY2RllXSIbblphBv4JGMDfB4gAf4L-_s1Q4ZseLuoGdBIY3iJY8viOsXLEzQyX2hERD3OFb_35hIeXuPGsQUNBkOgRqoI93zE75EiVx8pnamd6N710kfUYZ9nmybpw1WqRAaI6UOwCpUNSGZEN_1_Pbz1Q6qE-H5gzBnrw8goLaz8Gr5IEpVxLvD4iLeb7RSrVhjafVaMZZ-QjjX382nmC511ndAnRPqGwFB6SzGWNsZyz-K9lTe6x886A3NvmgT5hdsBjS21q4WlMGYBTJecQWZdwrKxP6Wqgki98WjRh5DVhePimDd-e5F9Ny1uNhQPo9U=w1024-h683-no', 4);
INSERT INTO eignir_Eignmynd (mynd, eign_id) VALUES ('https://lh3.googleusercontent.com/MntPYmkA3VSLomhiA2XNJun8P0gKXL2aiveewFSFF-Q0SW17EsfvEEp6Z0x3D_irA3cTD_Zo8gP5QHX-kFHt1DzKFBgkHaxCJOJbQySi-O-afK7leD2V5QuSAp5qLIK5CgN60X6S38-FHmMt1IoWStc5y_wbG2oqjABu-eCsbX4xrw1jyPhTUkBu5NkD05A58EG2r7RC42-C6Wq5FFcbhOOTfXdifYrzMa3AC2KyLEVfMDnJZekbhvpeoAcJkFhbO0est6MI3YLEOslvFFM9qqqCqr77zGzppKC_fn0U9fEF_rmyZxxzh9how_7rv0BwcrPNE1iYSyIvs7YrjoSaKWfeIFtoyKbT19ksIH1pMammI8VUGXEKj-dHntQrcAC9e6Q9ieZAFEOjnjfxi7LUV3HiDghrPKFPPj8SJLauLarf0BodN4g5dV-wgtkDzIgzn9fFNe07lWPwjXr38HRLe3MNQfSwfPNZspe1FjzIVmAEicpbVynthOlHci4X-ZBHBy_T1SvfB-dSHhvHEwJo4HI73s9F3NBWHihbEQA2Gto5F-38rWr5i-4N3yvq2zxelNDmaZW2oULsPs9ktuBB0oZXZ4qMNsEditaGLntfHIH5Bq1KSeSws2TpDZi6xBPwR0E8ORQFiVfP8SsLNr8R-hRKPQwDKVA=w1024-h683-no', 4);
INSERT INTO eignir_Eignmynd (mynd, eign_id) VALUES ('https://lh3.googleusercontent.com/4zhJ087KxUhBXrHMAaEDKse3hnOO2J70UVpmuCtUI_KKg9-w21yBFnnj9iBrBLv8UAq2dykyacqTX3e03qm8t3QZPaxJw4sWFOLBWCRPdJwaCpIhehRF-X_bkBI4DGQRot2EYKva41Dal9Ll7j0LJck7iIjh2Tr1QmVcJRDyc8NafpkEYD8XEQqAnJ5fqM-zeajFOJjwnnu9QnY6GoZXf0I17oNs1npe74dyXaQdyD35AGMR6PgzxnHVCCq6uALkGDH427jqImDQVche_-8jGXLa2CYk2UuP06kiMUFDQUDA3rc5LVWuLS5eYDObOUMkl0w5Qshas0gYcQvtBScwFJr-9yso4s5vFxNBivBhu2Sntls_SxlbzpO9sp_XTFB2U1RQft2lBcQSamBivKKIqYkus3tpdfSasAI1eCrqDJJukEYRghWEMfrYAm4In3AoeDXds-xNLuTQyzVNBblAcr61u8K_ojHChkXYn4mjh6DOGPr6klF04S95GHwMZSUN7y-5UDy8YGrqHKbxfYe9o8FJT-Bl2k8u5pp76VbdPFKvHLYOp2MLPxnnW3z4KvRiqQgY0vKnTcXCIjbHeHlylAeOJaKDuZe03MEGfMOjL1j3PiAx5mGaPQrN99J56zIdyjjO4apmL189eacHupN-QUwn_4OqT44=w1024-h683-no', 4);
INSERT INTO eignir_Eignmynd (mynd, eign_id) VALUES ('https://lh3.googleusercontent.com/TkmyEzWBfycHYJ7HXjNsPmloYLfie3oiTiei80uGDjiLbmAufwkRvI828i4eD9gdnJryPxBSnOzhxcyX4pkRV0UuGTZRELeGeU6RCw12UURw__LS8U9vi4bbOMIgkvQjhM1Hzt2N6vqQps0Ir8b4Bszu7ScWqo2-BNehkxkyZjAg1_fEMcnhAbmUz7joS8PcekNPUjdT-pZ_81qyWFTG4lOhMOWhS_2SiJyi9YTUfr7cRUS_rIZpOuybOUiKONxLol-OstYkfsEjK6IhRg1ZpyUvNaOgZBzv2_XO5H93XPEcoPgI8BSlastPUFaKFe08Qe4urNquvTlgmnfCNPfMaSnI6ZF26kKEXk3jn9MF54ZqYAhT2POxNS_Xc9kkMAb3PHzxQlWM2NfsxsiQWptZDA70S8xdkG0hec2I0k4xmqzyvFO6IhviLk7LdhK5O4qzXmx_tHI_EJL4_aro0ZaAi1lbiE08-YkaVO-YGKnCLLD8e3bgBzD37sxJcjehXV_elVpAMTnQ1xhPEAdxNgBlbJqyGFcAlFKOKvcwBdJX7L7VAUT0RTwuvRaclTDWAErwnlzxOnsqDg8V-L1MnloD6kjcctIfiiGdBy3iKRu5ugQn_A9AAObpJ4IqMENdf1iHLBWbFB6D63DhoEYz_0deDl6z29P8wQg=w1024-h683-no', 4);
INSERT INTO eignir_Eignmynd (mynd, eign_id) VALUES ('https://lh3.googleusercontent.com/ZTJbivVltz7WJU7ysH8ClfQ7jxmwT2X02IRXRTENxqF4b8dQ7FrGczzwYJFZ7R4qIkSpPlS5YbBPcB-IlocRjgR2Wa77qG_idbBFvCIQoQf4nwudPU9gfn2gWbJSd5T7_AQMzksAs0yXmWi0MixmOGDCffeJBTTmrprBuyiokmhtgJYDUaMKoi6ji-7Li--SIKZvIklGcv6s2Jvw3WUPo-xJbpnp1sGwP_3zpoiT5fwBiwwck9z43qNSsx7b49-DEG0b7-jKYE2f6uXa0vg3fqPXngWov1DF1hb1KJ33cqfi_qjQm6nNQbbMGlXyAQtNWDNXpi8wsAJ7Eei9SkIsft5PqsB0NUI0Ktb753j2IqjinGHniEiTX80yfFpHSatHBYdYbQnGM2S8djQ-XOeCVROilutZli4CxpuZ2624oh8dMgfsiyDTseYCx7vq8z-WkyJfsF0rn4nS-l_d7bNF4DBlw9Ug4aoaZlojN2ZoRWFMVxjYqnfkfdSCNB4-v1ayF799fUWaPf3GcZKcf4Fbeqc4jaxbYGXBsPY5Cyl-XNr9nzQTOwsWO34232iQroaPYoOZeIxiV_GqIXWXHT1W_Z2z0IgS3JHSP6yFN5GN7NFCZ9TMkQTTjHQkynDl-MbDUf-1W2i-EokcpPoI8eqa7ErFBdoz8HA=w1024-h683-no', 4);
INSERT INTO eignir_Eignmynd (mynd, eign_id) VALUES ('https://lh3.googleusercontent.com/EwiUueRBtZRYEqwwmU7ppX2gyAXZz0eW7dfeO3_h_h-7-4Vc_5NitzWLX7YXwqSLvMiY3bl6gV2xgyhZomyJ0gfItduB4O04027oLqLu9I_rxC-9ps1OZfJ90o2W3Br3aWiYvn63T_ujzU9GfFa9yiLVVqNV4lJ--tfCETjnEMKTmVUu3KSvX96afaP5kCNMCw7p5SFYMVnIvUGm-uQ1qVAVNWPtnVfhyWyPzCd1om_9u765a4ioxlMKocOg29baHPH3XqURG0TRmH14F0PeVpQ9Zc8E-gS9ujimcrick2iFeegA8qaXczbMkb2E5j7ytr_1qJK-PoX5hG9jZx1mTOm0bNlacUaTSCWNez4KmzNHx23EilEPr6aqsfwPFMLNhfSM3KweMrlcbS94iYlw1V5JDTyR8U7UplkYSnqgc3ID_owF5Fkx-sA8bfC6uAfvIgR-0ltC_dcKLXNcTXd_9bDrGpLQ2bXuqp0Br9Dcpeud5aSp92UZBINiGhPXWl-n8wmWOo0doFZ7rvGurEhbheaggVIiabM20A3rfJixYiZyXPuw6iuH4eueuZY8XcXTzN5Njqdd-tCENKDhF7qCbxcJKTsxUus-yUDE1Ix0jFZnennlxApHrP6d9_a02H3Ak4IofPETIxoY6Vq-RQrgIp2fCgsMoHo=w1024-h683-no', 4);
INSERT INTO eignir_Eignmynd (mynd, eign_id) VALUES ('https://lh3.googleusercontent.com/ptvqmAHPvx8j7J5851x-Kd0MF5ZHwzNwwtVaN-h7dBEG4jojk4mBj1INwBiXpoCK3TvxDrxH0NbOXihgb68KDVPYWoaIcgMcttVNVggyEFZ_AmET7SkexpYdLrSlx_9-7zsxIY9wHyc1pMafF3j1KrgUHbo1hwNvveSIn0EQy4_n5cng0MLrly3KqHqMHGPVbJNu2c4wF5ltFNxVDHERmYlUwW8MLUl7e0hIP-A6EDDlUlSdxr9XkxITZzCtv-WQtRvF2gIUzsOW2nEuZFGaHBhp9BqAbOESSt7Hmg16flw5siLTKF6YjDolUkR9jxDc1zdzxNIfliKR0TjFA6zGr6bEh0N_XKRAinF3In89XNMnfzoXBiRCMmcBnwMp2orrBqjVYPJUesUwqjTd9umEAIztAEiS_QIPQsloqhxPQ2ivfZGUca55Mrf0Fn0ce30lDMRhog0Zlh0GMDZybsNg42LLAxNLHtGXdnchCqgILZPgs6yYGI__ytLM5q6NQbE3rOy5ncswztrq5g_aXmG1-zJIyfRT8A965hirlehHj_zkR_qsIf9jj3unKzzB-pKk1WZ6yIFW_kOsOnKLFv2jD7xgDu2lj-ocC8v9qrGwiI41LGXZFhkVZRSk7amSDWuVfAUFMectOTKfuFH-oYqPQYVJi5ft958=w1024-h683-no', 5);
INSERT INTO eignir_Eignmynd (mynd, eign_id) VALUES ('https://lh3.googleusercontent.com/omS-WRqX8G2zzz6G590rheHoWYyktbqTqEo-PydZOsApJ0FF0yqyP-fj2SXRmloQHkaeGzvm24zyFj5w5eixTy9m5lmSy_wfhEspnyqAB4bC4SeRrkBIAyVk_G3OtCAuIlyPogTpQriG9js1qeBa-rXVL2lF9lGLp-RgvFD9hMzUipDAmq7q2bvJ8xTHajbZgFn8lnzsIkl5yU06pdBTdK_emuP3GQT6BW5nJ-Z4r8qU2pyOzwJEpgqzlSQ_lpmeVCaKMAo7K0NEa0A1ykA4kvkvm7MSxwqtXy_HrQop-rpHkc5ZdAlGVfO8rkOB1i3DCg5ANThG9K8hmUfqf86sPKf8WcuMruyp77erBMB0CgQu5fx3utlIAJECxVIYvtF_VUK5x6nofR9PMHXhRP0l7x-ymfOZ1rLxx9AvdHox4bnOYmURb4_2pHvkJy5AZbT0yjsO1Oao7mRjJFYVFGMkHPki1FkilzXjRpsz7TN3JRToh2Ml5XTNpuXoTu0IGR9Z8-gwxkdmCDdDK9dLXokiYrLnjxSxoH_mHZFchav3syG-ryDQ9T4rDBjHh0QKv80AWbMMEIWoHeOAGsMYkLF45cki2qHeSXFg1qAT8IykMHe8HcWkxMcHiBuyAqn0QjdcDezeyktULBC7P8d6Cvj27Sx-ZGeEztw=w1024-h683-no', 5);
INSERT INTO eignir_Eignmynd (mynd, eign_id) VALUES ('https://lh3.googleusercontent.com/XPxdGDexhdmSvaqvx6nwr9aQDarZQ5QSrr-9zYfcJR0auVaVnoTA1Zyt-petQOkUgSiV2_k18nna9MDoDubYtj4hqDvqN7wusAl2JudkvORulF7cKcI4AbJ3DFZWdNUvr8oYWd5DqY4Oru0H7Txy_YFpeNoywT5ISc_0YHIsGkKUUim5_vTGvxriYT1-c3x5BwBZiUQGlBPraMQ24DSFo9RxFW9oLvURNj6jyVQkt5ItKCYG2NhwT0o2pb6xevIPLfsYyv2MLvn0z3SmZZCS_Jlph2yxVTsayNLoW4jJcprvnrvq3NAajP1-EMuAY5FUJp8EWwNwh57Ri_r_6x8KiZF8C4ls24_wu-j1gHi1D5n9x7XU1kXzBfslSZgNiTjKOStSlFYaEf25_I7PEkO-AlJYCk0L4_70SX1A24VBluky9UeTsht7Ld8wBKuEDE5sSwxpfWAMHcB61Xlv9kqFlPAY-lI7D2GUtGmU96-Wda_blAhiu7GinUAgjEYESltZo59tJEVULOzm_mERPLPB8bdB9OXYfcXHLiTTAkwDNknB20ClC_YhODqoyUvrt-_i_ORBGoFKmpO80Bjlh0c4ZM6W-RWx6p_Lw6VYK8K8HPvLbWKBCU7SoFgeWEkSy_vTQn33iSG7mjgp-Gg3uC_Mr8LH3Ier7iM=w1024-h683-no', 5);
INSERT INTO eignir_Eignmynd (mynd, eign_id) VALUES ('https://lh3.googleusercontent.com/fd_tQQcpix37L7r79SXvCs_EVlm0Fy_bMLQwdRpK5FmjD-hiNZQQQHh8WtOnR_dqxMs-IiLSt4B0zjyY27hmkYOX0uSIFYrke_uSLCi9GR4iAw1XxgGsSxelBy3JfmMgniNPj1mK2rDjsLPsRKc7CvtEvHR1QL3UhAxAUzBzOf7QEhD9askxsExc5A9tCnhan1GDk1ejmGeUFQcZFA8m9i6RNoP9NpISKUeyMnmnHzgXrJ-u8QMpTdzy7JE4vBcFpfWC50EeLHhRMW0L70BLDFUsATG0IP863rIRcMJi92fRQWZ0Atxm2HjoOwn1pnoIxJAZp03aA_HGRdkjXN0Z2GxXzQ0-Ku55WBZG8e85FqVJygE6fnJP5wyhyqE8mePJ2UxS1sOXECmTCBK0bg9v7ZFH03RPtrPDUJfz0duUvw-l7F19ytH-NBPGo6ps6g865Tv7oLMvSKaCRazugH0Am03IskGjbV_bJ4fJfG5OzmPC0nuPmMTlnKh0ppDc_Ap2gOir76YZyDMw8B6t2cZT4z9M-1a8SPnd4vino6HjOpaJrGNaP-XhUarcpypaSElo6dt7dXZG9AV0ZMtF-OsmTEa1eBNrwneZMGAH5j81XUYcyN9eCXIJNOqIMd4qLz6GkukatlzhDlbFufBWMlmsQArXlrZnVsw=w1024-h683-no', 5);
INSERT INTO eignir_Eignmynd (mynd, eign_id) VALUES ('https://lh3.googleusercontent.com/xku301DeFDP-3uIkddmgBRE_CeP-VoGSIgJzA2BqUGY1gxyfM59eXTK1C2amaHtcfChXJVBsAjXbWvm-f1UZ8j_wjD5gmlJyvvS55oX5WR8uoJzPZ2Bd7giv_NKP9e5k5_GiRE4L3-sR_zTVTGUxXKwy2V9i7KV1HZbZc-Hz80mlbNlKk192h9fI5Ew3Vw0ZKE0vrO1ovKXL4kF_KNb6zodXNnXdrD14fImhC1eM9B3MOT8jQkOs2kZwZ9cMyw4zHlb2LiCqfyJkFfp7iLzLAtTgS9BqYiSUwZ-5AEO1Dein1fE0o35haXzPupuJHWDA4tvexEhYitBpNJ8kcP5I1snyerlI5Q5yWql8RwptkLHLwilSo6YiD-dfProyt4VbjtsTcefIoFvClMijlE_YzSDrAi_dgnBbcR_RmABbdeRqIqsyCUrjsXLjmgYAFeGVjLU6WOh7VzbAACSBABsJt_RdUndtqB2Q-d2XdhK9ei0HNPM0Nx2la6yikFkw2uKaC2-o8OwmX5tTqXwf5vsF3yc7uBEtgaHF_E8UDk8wlKOUdpYNVonJaXPlEUYjKdXQSs5FyDtW1RzHRlquefq-EatdooIsRsIhZv1hKjroOJeqLhAQTUM4FlfQpsKvy6-sokt4LEnYVHjlbdpIWv9VvQwdLgaYzBE=w1024-h683-no', 5);
INSERT INTO eignir_Eignmynd (mynd, eign_id) VALUES ('https://lh3.googleusercontent.com/KZmKJNPuKtjk1vTpH2gk0A87LNa9-beu9Z6upfvtfOFVzI2q4WMt2NVV3tbk9asjERCt79bAz9IbRgrskEeV51E6ronR8poksjJbFk9k9MU7CVqkKWk_WKtIKBWqW8aBlZ7EsWaqJMkWolH7IO4KSAPP6BMT8PSKMlaWI8Z2To9oTYX3AAz9bGMZpY-ok7VEPDyiTlFe120ipJJ9GYoprSocCNcpdKzzfy6u4x4BLBDRunqB624Vp_fA_II04FAOGbBmq3-b-R3SinMJGuSZszTS0sEWSmd1qb2oCcXUv8cN9KU-rIfm7k4FVYHP7Rz511CwV8C1YfLVd2LIQQ9CDGhHQ-VaOIm-PP9s8UsdmprjYFebPNm3XchfuR_ESYm0yvBmpnDNa2-kmC47Nb1kdP4D5JFtsgPQPNtNom5-_k-nHr7-JgXrV0fPsYWiXaeD4InqZFf2pYnth-8JvRrGtxm9L86ulzfJ_TcEnDpOxUvAXGyXtnTYHYFbaELsHWe7KD-SqJ5nt7qR2b1miLOigGGokykZf8v6DOQigz7XAzKC-tt7YXSONP4MUTFTn4Om8izQIJX_gfTXVyogkrySBIf2OhqYZkN0cJIvK2OYk5cg9mzjLGGYMt57awn-c9Nlf7Pof_IxACpckVfohN99NTaw1mndC9Q=w1024-h683-no', 5);
INSERT INTO eignir_Eignmynd (mynd, eign_id) VALUES ('https://lh3.googleusercontent.com/QP21m_Kre_ya5EN861_gCS-okVBft0CS0L81VO76m03Wza6tkkveqDnlos5_dZ2TK6uXRK4Mi9UkuiRg_jIb4i8qTGEn7uDtrcgbCLfUsk-en32toI5Uks9RhOo-8g2HEO_meI-HNX-Vn31HfNfnda7XnE3A-8A0tiLwQoCfAtGWxbykLlEd5EVrbHGzhgtirzdEdsIGj6IOqgWxC6g5YcD_AOUnsILeJ-Pz9ibu4FAWqktQKqy169YH8zvfwYxdtPFhnBueW1QQHsAZbo9tjys7bxhxFz2IRSavUS5IKcmb0SY2AZvdJ40w8KCIlbxjQ3KJAJU3RivzN3JFzWi07AGMj75kRGpjsOMPu9Fvdlv-Thvoto7vAuVoyZX3rFk9zaL1wSRezUtAAP_4wdXsOqy0duIVM0pthf5xur76sdaaYViVkoN57qRvEdkm4HMYMWH94B6UYXIw9BBerm7R8fdFHj0DkIz7Rt-FP2liP8yWBhWVYfhdI9QgyKw7mwsGsGSssPoH3rPLD2Ouq6ThFe8BSu2WmhnHncSNX1KzlAvp7tIhTZpc17MLQvdLgPLUyz3pfQ-EEy06hmw0lxNf8XGzGAYmnhjDhwkG6g_Nnas4onY_8Ox1t7NJV5UHymxkpn85Y40aEYLS3oHB9wL9mhM1Uzrg1XE=w1024-h683-no', 5);
INSERT INTO eignir_Eignmynd (mynd, eign_id) VALUES ('https://lh3.googleusercontent.com/zeGuAwF3mJhADjOgtzcfJd1oLuN_OATdo3ovC_7YsH74yOeQyFVwGoJo6N0DBmlaY6y6u8qkG-UUuo4iHhX9sEtYqslvhMTubfULyi7OTFegCoy0hLwaAurRAYzGJ12MH61RRb6qS7H-9GcyGHueqYYP0EN6PEryiJwWezr2g7Mld5ok_piJcpgsbyjLMsgDYTFCaAgAV42n4_5o9KaafJLLnJpbIq66zaZ1fBe-Fw3edbKvyhHFyFirJ0yC8zPWye-kIZFtpUyIJCBwcOe5COjalWFWePimSSdIPTtrXjT3NW68vTpAveMXMMkU1aaTGDFZFcKrlYYX39uUlFi7o3O6lPjkKpCrVvBEE7Nv6kTwco32d14phCYYkBcyPxC3lhrx9aVCr7D0G5VL9pRStSjcOB6bMa3K6N7TfJ_pFYvBgv6R_FezUppFnKsJhZZVyUIN-L57jMMYYBIRUpF3Z8bpAKbs1ndUqpeA2nkV46Rbp9r_ZL7mzHqP4uKXz_xbHld8yhMQtNoOWOQeX3yYHemY6X5hk3VU6xZ6Fb6-3PLF5Uhzelo7hR3TWqI2mOIpVTQwXfNiyVIHqZhnfJS2EcS2AoVZB1BveAFfmlc0397P6pg1aZtuKaSvts0g4XCI9mRWR5hqktyXAo3StYb63ZuLKwju2mI=w1024-h683-no', 5);
INSERT INTO eignir_Eignmynd (mynd, eign_id) VALUES ('https://lh3.googleusercontent.com/3kKW8oPXAiydpQL3MVzIypyl2-P-N-BFRioLfZ0rQvpEfPVOuMLBL8WaRxh9vnwqwI-XAReOFxpzm4DaLkTna35cps3kTr95ABp85RljsvfXCDA3iXs4doscSaviXVuPd_EQbhHqbgBEY7MBBnFHf7Vh3nEjbXoQzSi8BdqjkhTOwmkBoTaJdQ_PCGcfVfPnn3x-lCIgzqFmGbSo043OgZdNrGJDf4iLtzF42CVPQ_U6lLJkfV5iYk1CfTqbZBCyUUxqosf_Wgv7IDsVtYfXn5kCmS-ks9pzDCmJRgIL_AR1eP3Mze86uilW_gXFtP0CwL9noyXjNxDL6t6hTFDTA7uETs7idsSt65EKUWm-fKFWIClONlPIU9AZq1kwKG3a96nMReKOeD04H2GUdKUHuIAPfyDR3P68wFlpNz4z0otBwSpXJyX0lyoqbl6toByTGED0M9e6NoTxrpxzk2rvmF6uuPftlKWrje5Fa7vRSUUnaKE0BjmeA7fKfHtGoAkXPtnVctO83oLj4ttPMRP60ekqQ_-7GA2j4prb96DDaMNNLBwHGN92ZiqeEAMEA1aBFSOirXNZLtesIp7I1IPXIHarDTM6eUyTyhpBsddug8AkqRDniixOVSU0HpXzX9Rqxe1b6lawEzUhRbrgCu7TISQDn1AQOkU=w1024-h683-no', 5);
INSERT INTO eignir_Eignmynd (mynd, eign_id) VALUES ('https://lh3.googleusercontent.com/98neX23n1aiErdCkykRwxXiuQXimgXd71d5gjPGQ4RU7H53sKifGQhtMpaTreQCSwFKFixxFj1NUAl6zEhDjegltuqYzgF0pS0iXRqdqz5bYBsiTyJ-ikzkhPW43C4uzffa0PTg0TcsjYNt17WiR97FVRbTvSZjwdolfOGt21B3wGPLINMx_biu9XXzBZO-lGrFcjRFlvGbNN915ByiU_0KkGG08i95q77sO17tlT_V2D4HA4wpfstQMMOtBAS2IuY1ehPThu4P-Pfo10U-Ywg7IwwTQ8WwCK7ibBds1s2bCD3OxWAgIL7-bqNY9MSNt1f3zVIaUO9vs22dUF0fEPJcHIIGrTXKcFcXYyABHfG8Lz2val5RzSn9XV8_G74sgyNhA_KZK7rr95FOqL0PQ1vEDNqiSQyWPF2UaqUkz9-wN_TfKTxRGW5b1PooLKjSbttbEjD1zO_w536Lxeafmcdd_A_uB9I7uWRKQm9eXEwrRt0sijKkU0CFSSGYPgL_bPuz0eaYUAqYm3FKuvrGdfCm9JxChWFJUK5_HfFsBg7tPEF7dIhOdTwcCaJxhqnNdLuLOGXwdxq_6m2d6Rf732SY0Ur8Gs5jL3mN5Tgc4A2yzlk4uiEayMsgkUU353RShKTD3Qd7WMAa98m1jN6E8ZLIzeP_hQQM=w1024-h683-no', 5);
INSERT INTO eignir_Eignmynd (mynd, eign_id) VALUES ('https://lh3.googleusercontent.com/clSVJjPtyCAZhOxozSOHoDjnpGlXpPyG2uu_x5IFP8hebdgEZ5u4o_9CnAegatQ-Mj-Zu4joRwasVmgg75xpKye6K682satLMrbfjNplFb6dTmpgYy6wjAmH2HhJBAurYLxdP1yMH4H2M7Uk3Wtd3qf4-tTqwQD8l4YSOvGNZpJt9ETNj4ERqT1QDocQZQKY1mdBvmXkCjHq0Tpqv7GGkamDd3V1JNLnztWmbQ1UkdH_zhYFm78ohz_N55s9Bzg-ZUd4lFeh18rWSoVpgKo_p5UChuRM8HkBLdELKy_3_EtAr3bZGjPne6LO3en3vi9TNTAR4SNvAl83bovWNhbvjWrIfX4gOtd7nfhLceeoFrVqycLak_EcYeVeLTiB4L6j-dae6UdpywPCWX3lnmQdkyPXKIXJfIbjRVbH1GeKazNv7taMyMVN7op98tNy6-MWJqsulbWjl179lUU5jWHSMw076Az1rXHYIWGPHauKDsHu8-hjPCM0_qf16tfQQPnz7nF91bgbdHi27VSTAp7Bpi3AUxpACJ0j4f7bGCnEmKfUoL84yDdH25F05fY6Pyfa4gSr2Cdlw1IlM_tUhFDZweRNBQw0X7qJH-gWUsky2NHuNWNmPjJorJmiofXx0hdazVpCZud9AvQs2gAb-cEuAfh95pik-5A=w1024-h683-no', 5);
INSERT INTO eignir_Eignmynd (mynd, eign_id) VALUES ('https://lh3.googleusercontent.com/UjxNdzLTzAo2U_FTLup3REgnhCUd-fFNvqsTEB1pa1nkDxyp5Nzk85tRuIvDdhLWuLO9TRPGjqsZhJZbRT9x0CcfPhSnKDbcNYEDbiZ-NDFGbZdkeuMKaIb8EaZJ6F24s05NFAv38OWNYJ7o-xromeohEzbfbHTAtazzaQh6QFe28ESNw7bGE4WSEGbIe9X0d1rbgb1OOwrM0sjcAZz_1xghO0w_cLgMD40KcARQ1tw9NDYRnA2Keg8n7Yvw8pnJnLxNu1QVxlQjxtlb6Rz8_qNQ9TjpnskoSF4QHtULVBA9ZfF1KXGWqukm992nNKUTnV66sQpHT3SBH5bsmgD4Wc24LNxeHMAFhtdM-kRLhtA2JB37HmkAEyKhlFgqdWKHXc1_LGyQFtpleh-CLmXvRh-XsRMc-kX1ssjr0oEA-VYUpzydScwtmRixEXmrkgI2Pqkovr3knlff9wlFGi5YyK3x63BHzlTZeussQFzkaeZ7Oe0O6wJuE83zgVlE8pEUt5A-8xt2oHIr-FrHwMOm5hKfdGBAFWSS06T68JKbYWmblQ0DMO8RfOHgWlpHnb5ru-3BoHkV0tveGQoGa0HqVjW06nTVgfACi4SY6th7IwXnWxzY2A8wkj18xKLZQrXDPJ2cQ-M65wYjoSoBUrgEsV3N7OxY2Ms=w1024-h683-no', 5);
INSERT INTO eignir_Eignmynd (mynd, eign_id) VALUES ('https://lh3.googleusercontent.com/QLE6CmzDj7CHHOQCCMCabgPKKFln8aT3uVZ1cnx_W9ylShBvWsMmCrkeo5r_8Iuo1sfs4t-QuyzNvTg6BtTHSn9FQzvLR-uXYtUK-UxHots_KIkBTsI5YUoPz4uGTKj3Oqh0q4fl3CvuSQugjndg3gG3Yx40sB5rPdvB6ygCRj8ju4cJSYGQcpYc72OIoBnC3lMj24QKGds82a2zDRflTH-b6iGoeHdyW_LKFbhk5T4jIajAREHG7wyH9clDyJuLBD0AQw2Ygx0LyK6b6g7lOzq7qD1sR0dURtXHCGIa9du1xdZl8WjI0feyC-eZXrHd7cs8FA8EkeiX_ZXWi_LSBcviRsig4KLzJMuoar1wiZekLVdAbE-U9hQWhebjW2J_QcYC5goz3mRWIRyvoOrQGqcxsFop1Hzm7ptXv_8vQW7ALklQYO99Jbp7-kY8ANLTm_BEbeq1wn7UPR_eQ-CZRLDjnnopyXRiPGHbHz-q53Z-3TcSuX0Yt4Ekz45tolvU5Ukoq4jm2SeiAEDAJLBKS6qQfzzRR59TWs7saAPNqzldNfFASripcWXgZou8_9KH0udgaNwGi-oD8WPWn77RpKCVymho7HdTF2BjUrwcX2cKet4rPGb2_a5Lez2uryEkNZV3RgEd1peHHg2gEB5AuKDAhY2tNaE=w1024-h683-no', 5);
INSERT INTO eignir_Eignmynd (mynd, eign_id) VALUES ('https://lh3.googleusercontent.com/MHuzm8sxS401Ujk44Tqcy5jIduAy1K8cO8ThuZKVlT_1B90O5JdWt26KiXcS4DJxvRtVP9y0573_9eNiOnDyJfDu5IZEYRV6ZBHyaFP7X-CHOZgSUv1700VeoCeBo4eB2pvQqs28S-1VsSTIhHAnt66KJVEuSWpzs0Jzjo28gm17wsnU9Tmq9GXaO591WHg5-LRo5hjyYcSOKdZ1-mOmMArD_unZJyVO0Z8p2Q6VtKNaQHDbZ9jYnGmbQ2m4YUUqoboiafe8WK-zY0H8EmSrU1LJ2WvtdaM4-c-AuTuGWBwI_LCXDw2XjM9G0glvjB1L2IbMfvrXu0FxopNBwMTAolsghAbyLi4EMN0LDaBTegalvtQU2KkklyXLcMpCWOhOI2Tr82B9yY2OziJC4wdOYoZsj7aC7SNPuACQi0ubLMvj-lYvssrhpO3fU1QthnQxNnfbH7lC_Pcx7h6nhj00zhk06-nauNvYM4wr6N4Zf7UZtq8eb9DJgPlhZBUAASTWSHm32w2i2Lyc5VHqD06ZMJIXr2SV0mWWI6DX4878wAG6pMUww5PcO9PZfHWAU_2WZB2xlpRV6iGYD7dCt1SrmJ3h7v00NQfrj2Sv_02HHnKPjaBQNP8hNjV__ajtCGj2-2YrsiqC7CNV6UCFUZ0LsxGqqPHF3HM=w1024-h683-no', 5);
INSERT INTO eignir_Eignmynd (mynd, eign_id) VALUES ('https://lh3.googleusercontent.com/6vR7Q7lEQAocXKghyAelP9gXR1UcOIk8ZAD37cAEcfF0a-Y5aMCvCWZ9ah7CKkFtYTl2jj6GnsOWIFZClAYdd2aiYFrc5iHswDYD5pIa0388F9sr9BGmBoEdnjjU9pjeksizuXFH_Uk7oJW_8sdYwDozUjlX4FI03i4kIeNtq6pZPJn3uecRkBF8AD3c9HNWKZA9OjmBFn_ZtdycNmWqea4PXdVfUj7eYYERYL7RbO5kQT-4Klpd8L09np4zETjDxqOytm3WpRJFnwYxULxZC_tqEwUVNoQZHMCFX9gcpsQrWz4hG5EeIhAOa2qvsfCh5Emq_fTn_9BB4h-wd-T4D3Aj04MfQLadvzZXCgS2ldY9yDfaANuIzfhiu21BKLJtDhckkNcYt_vKLgTrun_d7vaWnm8Xn715v_Jxo_gUuXg3T-3NLAEY1U4ULPnn-1cU2Sgj2KkcDEvIq6hBodsycWDGBP_PNoviy472XA2J1MIElQDIrsdqORoSVIIvzF9f3l86gUodO-BYZd5t8KMThbqzxJHyIdPWrn2wYyLH09TQGgqRu1Wvip0Cep2gm4zGK5pFp7xDM_h8mqxjN8IBVzmm3pvsul8lsN7rZLhe8gsEez_LpaNgl8IAAOaUJlQMgXxfSKGmqcr4QlzPU1eT9MGZDIfRxiE=w1024-h683-no', 5);
INSERT INTO eignir_Eignmynd (mynd, eign_id) VALUES ('https://lh3.googleusercontent.com/_HnVX_kAtWHLCCKbQ9XxrkKGoYq1g7xPwe9M0tvIV4_i4EKsrQVxLyhCeM_iE63ALr8bbKa-4UjQu10vJx7Nv5v0-M0iRYNKn4dtgxDADhWHaQKgP0arm8nwflqN9UzFZ7qwf4m5ssxD6OjvHKS8iR26Dpn5i_s3P4gT_EaA7vZLN34AxymooxbVwABhNVAtviTzRfWL5q93R-wBlg_28wVR6b75u-uxtEP8FesOWwlfhcWKS2aMp3q4cRpgO3whwsvjUm5yyplawQAIvKPAW3G8cOh3j1fXoRmRSbrDdZLoJP5wZx_2eupmpRrmZrfHveflOEWRGLDmWhQmm7ur5XX381vP0igvOe_PxNTrn2_KGxuDLA9NSrLcN0vUtmkf2eNmd6UqanDIowhiHWPRO4Pum5cheiwtwh_fV1aHUbL1xOy7riTd7O-WGFRIoXDP04s_10LIAXPJFTDaneNTQ0Z8Rrgw9RBirLtn0lvujUca0XX_oWTpw8zmL4j1iG7DmBc_HxJChRoItWHB637XWs_xAupvNzSuNxUT6JTkMgsBhZSrgI301vMsg_K2xoCE8Im9f7pbrlNwL70zI0G4wyxsPRUAgrhkgNiciIZGH1RepzmwLNh28R5MzP2keluq0P8faI9YDktuIW2PyWhNL5IUDdM6NL4=w1024-h683-no', 5);
INSERT INTO eignir_Eignmynd (mynd, eign_id) VALUES ('https://lh3.googleusercontent.com/QffgqC8dNNqgerhN70qrybB2Upf6KfjlizCUyO0e6CRvJDPjyaBNa4hxIpDYk_nTsOAtm2UsmA4Bq_SYnqwA6ON7WBnvwEciOIW1YIlb5Gq1TrgUeQ-TqF2Kz4FFoE2N7lCPfDivWlSKxX7WB6F2pu3K2VkKxrPdlNUlpBPW9RvKzFTq1tqJn-7sZ1ViDGeEFVJETkmvtLVuUfb-V_Jk2XQmkjlSOyFgYQOGbIdoD-VinPkF2pJJs6iDZTAsRPPG6Y4PxligpcwsBxzdiglc5y4VCKeRiEC6RN3WIfZNX0gTuzEm0IRO8bqiPFN2YKgA0eq8rm_qbMosyC21GylPCgyUYqfvjLOkPCTInCp9QA3C9jM1b0YQjzBVJyPSXVJJntsS72tYF3uuZxbIXSmFj3LJAm9Fyeo7gf38Mox4NrCGbmXOqUFPRgH7JTbg9PHk6m3-cK_fPtKIIAxbOjMtZO2nFsdfrqZImrAGghdWJbxtuPYdLJGACTPp_0-GNmu1fmJHeNIFdS3r1W3GKXAP_TedZRrdAOeYMATN82ti4heG81gaT7ewSCDQtlty6X4FIy-mAvhmVEmVGXfqXveTtvXV5zBpcGxGJXkOpjLsLerbx-V6EcLNsVZ1Lzt8HqCQNwefvtGxMxtoT3kTKl4VNO1XdUz6qg0=w1024-h683-no', 5);
INSERT INTO eignir_Eignmynd (mynd, eign_id) VALUES ('https://lh3.googleusercontent.com/7UBj1inLZEPAFg1jCYO0yZ_HI15ByIbDqxNCwC7bIlWnO9v5-HmmytxqvA6mHptluzO6NOSWmgWSV3Glc41vLe180H4UktxOp5gTXGLS4ZGFAnK9ELRg3Ym96OzNYzxOrX4tTOEzptsYieDywbg2Mb8f_Ttt44Os8tIxfYDzRXMRGUAZkw_bxdadtWs5k8H__Dv-YtKTQcDxnc6ZU3RoKzVWV593RiECl2OEeRryr23NwNSQ6VD7DJh_m_a6dsjL8poyOCa1uXAmHGrQPxcp_YPKB7OsVqPjvtdazyOgGGH-Exuzja0lRBJSPviLb7FfgTxvd-YTVJysR5ayQOVHugTVV6D1gUdMxDlsZMNHvsJwyM9GayVPMU5WyUBWjIlBJ3nATaxtnHUHa7H_DLtdZ3NaXPSPxlWEuMfCjDN4TnjMBgaLUKrMY0DyWC-7Dfry6O0gx9JT1w0DMKyG8NTekoqCi90Ed-hCeVvgMK3DZwL706bSX8pLF8Ql4Szyjlo-T0NofLPlw9HlzMB2l5wVamfuhOBBErLPTNmdvnb_tpGQ7Zm6avlnIh7cp8Ofsfe2RTo4RwDPfXIypfk2uJHuK6lfdqkxv9q14Xo3tcNDu_zsjZedVZsdtsRxoDCKzI1HGbIuaix4TidzsYDfAj0Nj6VRX7VZols=w1024-h683-no', 5);
INSERT INTO eignir_Eignmynd (mynd, eign_id) VALUES ('https://lh3.googleusercontent.com/BeSIbM_R_yglp5Y6Rld3kdOKNwLK8Tp-_OcFP_DeHnh9uN93gQfb36jovnnj2gf5bGGARv43Q1ccZQJy1O7MNop1iTNGUtc-fegxeNBlZ_B2GtZXOvECDMfCLHfQ9NjGEb1o3BJlfZSk3YhfwUqv-ym_jKHRAcZtZeOQt8wuL1qPpEqKzNAEUDAACDr_-O97BjfK0RMkfBPs4s-XAT49caq_EE0cWQFuhvkP18g-p7GJ9nx7pm2YO1w1qcubyM6G-5rIK6fWKe7FvwSNwPPvi0g6LqwCrGSh46oEIC6upUTNDfNTisqw9ImGzYSvzK_1L1CjOvk1CfIhzBGPcF6W4SdhYfi55Z3ZgbsoAI4RwcUC-9OS1hT5xOGmUFl-u5UQp_NVSMJzjFwskwC1fxPKTowdzh4xrkXlO_PsNm05uO9ciYqrBsnSrfEWiNHEp1UySGN96YgvyefRiC74NztYlAFEA_YUzzB3rwJMLecyUDCodSZSQyeLwA44-7mX4dOktVk7kT63tNLo9ANGxcFMy5i6y_lRNZLotdj2SO6Yhh0CRcdAGq2hHTAqE1AABGtL-T7ixApzGy3XSR4lhWAfw1u8VDJf6JQ1gLQo-ouhDtBOgNcnyKsPwGARKI_t6zATT8o3Y7CjUEDAgMw-z1XSRPEngmcDvs4=w1024-h683-no', 5);
INSERT INTO eignir_Eignmynd (mynd, eign_id) VALUES ('https://lh3.googleusercontent.com/EQ6g6qb4J6wFlCLEE2IKbMlHQDGOpfX6MqcUUgQ-Halk5ezvG7qvc7jsHwAGIIrC35LCFej3Odyof5RQAKmncE6vgEgjZxOSw0NYATjPLf3JplOIhARuxkdzURQq8foVCR_6G_jpPJ2MgquZTIFkOuVcWK57RWTO5P0HkFyaWHCBbGsg2MyRGsYRcDzJKPa_W34qKBrai7h3t1G54qp0cobv6-huEoHxZDTmV0MOnS_NTqtEAa_hSQFC0JvGe93CpsxcFyQja3wL2P9CShOY06bs3n0P7Napsd-nuSFDTeLSvzoqmoLehlsglJrQ4XksC-6iaL_s8mKoXLYFzzLZ1cU0WY4wyahvHNXV--iABjVQI7LA7s9pgT4aU7Li35Z8iI2F-WTRwSZf4Do_pSnOnvQVvNSlRsdBn09oN4rhEW1NNt3VXmWyGHMlYvT_TlJS6dTwaGx4OoMP0-TIaTYKSSb4XMoew4sM2S96RbRZCHKfrt7Z75tgjVzyfnKRCsucNG7EII70XGUjuS1viIQZnS50FFvIFwtkaQtfDiZSKMVriAXrHeiFy5rgKMNpvZ4DnRftkesBVBhenrij9VaxAOkx36sQUS6omObk31DWiM_vYO8KHDkPnDyb5QfgyOj_hQAHWOpHOA8aeOLrjy2qdxINXs9XErk=w1024-h683-no', 5);
INSERT INTO eignir_Eignmynd (mynd, eign_id) VALUES ('https://lh3.googleusercontent.com/SDzoS5Xtbe4_XM2yRFZ0ucMSAEKURQLji216GrDem-j14yeM4BoT8lSmkkAGOKQbKuU1MkUSCvXsdrweqwCN6U97G_uzC9bQ6i6DYkdpc_LygH6xHaddG4D98jMjasiSaa3pw6y9aznj3kwcdONEbUbs7E3_9nqgpix7Ot3aKuGGIrJ7L5th_aZy6STuYSj4OT3xVit7K8odYwZJ4aUQezBnUypbY9KUhiKHbEzjLk1sH6Tdxao6nFQWMzPfy5gi_LsLvFemfC4_AY68F7lbzaIhOaUg6PpJVODG9daDCJcju_4WpZRD-xwtXNZEGmVg67Fj3KTXUXf4GzlnS435JXUf5rFRP01kA6V8MDWjiWuFuHHDWDfyl2VFWAQwWzpYp2fZDHQ97_IDQzE2wKb5NSj8BVWVoF6gD12UPWHVIOltK0NMhOSIoyNpCUbXAyzD6gLZOOmXqSEHURflHHV4xuraqKhohflO38GmbdAYu1e3nG-BUS8uDYefSxvgr3tI_y8iK_IJYxUHR5coOGzIPmTiKfY4enzLpLz_WQBcnV8VLll23jJi8hxEljCzEqgXmwTajqIZoB68rDC51_aqY4yyXRppZuDyEmorzc5CM8RnHAwNpcjUXhSt7tyiCJVw48EYnitGs-SxNoX03AdK4c-dIBp7X04=w1024-h683-no', 6);
INSERT INTO eignir_Eignmynd (mynd, eign_id) VALUES ('https://lh3.googleusercontent.com/Gbj9CZAqInrtsf1pU5hJBC6_RFV4TbY3QUmxBq67Ho9sl_fyMv7W9DAw15QJB4bYrDosUSDNxfTzsSTEnV21C2l_6mQzbULiv6NCfR7x7egYt_XXxE8FI4Thf3lDBnhvcj1tvIn7JxG7ifrIHQtOHSW349nsSVQEz-QrKyVqVLZcAEoWvHwcmZPx_CnrMUmrme67DzzD4JWtSAnSOT_j8IkFwuPWjLQDTmU27ZNU6yVOqWYNPJw3159Z4DgDud1gyBOTBSFikVVslz-uP1_CcH8F3rTX75hVklJNWK80EzmTgXYCoF1MACNQMNSCWCQm9ekXejnTgOEInqkJIGXhjCbewcdfDvtEL2Hngtazs5Ii0l7e0j-3Qp1zrcU0OPfro2vWSi3TpREhXIaMmgWKesa4sPPKFPHGDdvdxBLhJSk1deLIMfbQFz31DDmmrvbDvSnzfHv7a3cN86eapbgaUO5286peFCoe5nbeFwGw4hQZK8DKv-zVS0euAWF11qAAW379AnonGV3CJQSLkOahkwIkxjodLdHN08rMT8sGP65yq4wikOtNkBy27XLWBL-uhWRdFLfpT7x_ASQtyscTFS0tSspgWTCBJ01J5YheXXoKsAiizb3OQf9ZcxIle8e95AgfxElBnvS9_sdXT5pq7GifPj0jNQo=w1024-h683-no', 6);
INSERT INTO eignir_Eignmynd (mynd, eign_id) VALUES ('https://lh3.googleusercontent.com/woPlGZ6edDaXZSGGsDr1MAYy8HO7MxOynFZdQ0J1gu7S1D10zrDi06JUKbv1DR8SsXFF5TlhXwX1VqxRu3uHwIRoN16GdEeudJJ5nFdkxS4wrwSit2HsqET99uyg01ByVvmgsQAqjANHoRBcbecvm92VxLIVsIYrrhMpysK6SMSbJyMYZVEHbazeAa_gI7O63MBylKql1VBfDJ5DQvxuZkKvYU8lPqphN_M8dMWgN_GlhNYahKrPNvMqaVKLOexAoGI6nTJdonkZxQT5DvgP04acPKtH0AbaBLOpvLPRkAuowXM_2O8mE64zW9JWEnB63Bxr8adxowYUpquDe0MArFCWZ9fFQlcSyhQP2Rl1QcQgm6ijZ37UbHiz0ucEqL-faD4tiWM5hMcoviSm-JrHKXZ75SDZ8X26DUDxCZ6u4or72_tTitC1-5rZ63exXX_MyhREJtAYP93GB0rtdLXwQr8BNJKaV7_HL4at32ijRP-UihPL3OG2Rq2MuoGYe2GQCbmk1-GntLmu6bLrhJ7CkeGKiBt7oaqwip1Mq4dHrwBpELCsiJJOt2Db08Sisucij3piGun_PCCevakbYIUXKrLw4S97YQ6obYs-epEpkUmZFICHqd09Pm-8U-CrP4spVUywgSULIiP0gzrQtmm0PNqhtFfsG2I=w1024-h683-no', 6);
INSERT INTO eignir_Eignmynd (mynd, eign_id) VALUES ('https://lh3.googleusercontent.com/nO7n2B96I4PcDXQTrWakWZss3IGK3nkoP5w4zlzQbWyReCJASUImoYzkKM-xDEuVvmYRb6jZM83Kt5iMRG9enSwXXcNfrAg57YKmSHvfvS-NCJdrXH7oqsVO_82uVsw7Ax8Fpc4Y6616yMRnvq8FFrN3IWQbAbJsSeRoRhVeGJg_kSp_n9Tnwt8m_C4xy-73OTWu7bNaogiaGQidfHV8tFl9D39jVKUadPYELYS7aqR3dWr0j3dzaI9bRZGBqZIvjfmDUCLLXaGzP9ange5PuzKLDnjNhP2Q3dn6Z8AAplTxR758qmfSiIwie7tWz4QSEHkP32GLoAdPUVSnFwjUEqAaFPYJkxKWKqfNNNBufQGpABLLB1vXF0ZPFu7D9jdEZHyOg9tZ7Fty_3srwa_f3oh2FtH3Ac2-ERmjuITDxkfcCidEWoiQCN0cwtowMHJB89VEDyGTluBUcnelbbgLLUQj9CJhrcEQXrQmsE38D9tw3r9fxwUrLZfMTSEBvKBYbMrzSTmH4gEOtccCe8VWafqYrYqoJQQB9lFDn4jGKU19_YBxf6Qz04VDtLM87TclcPmchWwGATElBlZJcAruszR4D4kJybWHjI1Q9W9WZTF1WgIS4wDnjgWGtj5qVxVltPwjM2MdrqMDHbYA7E8o7j7ulexw0kM=w1024-h683-no', 6);
INSERT INTO eignir_Eignmynd (mynd, eign_id) VALUES ('https://lh3.googleusercontent.com/GmG7n0jpiwNZQr6qcZdCirCq69aQfrrJuemgzmyVJ-WDbBEgHZFEt8KloBMupVt-5SW0WqWn6-fpooo_XG5RoLyIadqklbY2Al_-lO0plweFxvIrbzrjaFF-Hz6q1ffHtg_IOxlksEu_anOsmEWhO7QpEaLvWJDhFI4agLmSsR3I3Zk-tMzngeg9WC8Hvm_etIq8gPFl99KXop1eOmVGycPXMf4KzPaDB89dVSTa-uiIZ4gDFi40zB4o-ty4G_nw0tJ_37Co-VcTpeOSOiVKjbnz3qzAmZ9fFN9NO2KPIOnVY6K-Sp3N2Lt-HYhr6ASaH86HIJy3T45CguQkekUCCOUwSeqRUXBRnTEAX9rr5J8HGLgw9-22pMbn7EK7s5t2A4r19CgIyS--2E41T2yQHj8BUqQyrP5ABN9RCMPL7mDQmehgFQECuBGAPkHAl9pUAwbsr1QJNOpSxkrDDLyqR_wIu6lYMCQNdzs2PIMjFBjahRmZCe2dLY2JrW87l_TINGfJv38tMRIyarF65azYK-tIzzUZPrA2IyS-OCYaa8gJ8OW1fxNKFESWobszgKJQckwL36r0T_sSKT5Mf8pdA6Ns4C_0FeINi6v5JNFqMPqCRBt9dmEgMFQnkso0A9h9Y7O4IGz18H94oFB_0QHTzgpa9YpJ9Yg=w1024-h683-no', 6);
INSERT INTO eignir_Eignmynd (mynd, eign_id) VALUES ('https://lh3.googleusercontent.com/jdoasif0Vx1OREIGHtIY70p_PjiL9bnXLKxdWDybShy4PDmQ8lncoLju9B1V7LYQg3Xd60R9XzMbb7sG2my510KC7RxNqLx2Q_6IwzY8969KJx4tjr8czNhsZByCsi6ShicdoX2tE-DSm3Luwg0aCcWY0VQOccEKJPU50v6Fz6RWJzFSHJua3xf4-SJhuTiq6AClrgAM82HrxN9jStGV_P6HTQ2seVJe8ACLu-rJwfOy-SyknOSq8dldzV7J6khWJB6mLeDsfO86_hmcbCyABFCSe6Zg1kPtFIaoZu7Yz7sMVvqyLyUqxz_Pqvks6eWvnzrYgSl8ntBy7g3ok-0eGreQNjEThFNxmKzSWDt5LRkrUuQ3wBCamGqYQhYQWsU15-JZntczf3uYX1jD9iJGHUzdGEE4v7akBfiOohyGHqaa4m_zIxtpxHP-Tl0Llw_vya8cg8iZPZm8zwxe85Ha3T7ahSTsI8Nx-h4dGq3rQxu9DegNrz_j01n4SjG42gJ97mdxr30J_0x4zI4B83AO8ewy0q5LRS4j37svmHdRBuhXsUMFWC5t5jnhws2QOTVorlOat4vVeVcnA4D7Gahz3OTGspwXbcEwIj1KZa_iuEfuzzRnsl7JoxwZlXH1XFmyES3NRMgioayGO4ZJd46ODezxvqjSLO8=w1024-h683-no', 6);
INSERT INTO eignir_Eignmynd (mynd, eign_id) VALUES ('https://lh3.googleusercontent.com/npWHva169FPUQ4qDFdFp3YCVinB2V7-YUPx0qVXS0DHub-2aHXLat2RRULtu28kMXJWPy2i_xpZmK9TKycd_w2VVplKkemEzDz30GfcNQADB5vSkgs8FzJImKV1lBne0Fb7zSeRdPsJOjr9dawYyS0Ks5Kq9t6ZGf0BrIW1yBaelYv8mviKH10zKLEAi8ehmU_iVAZmxnk2ome_U2_2OOZYhYFlwBVoOez_nE_DBFeUCCUUgFmks7xMYGJrTVqF-WZ_jOKFI3wYLQi15EQKT0K-LkJvzwtibZC9p-Lom3o_9WSdukhwSvqYhCYX1qYdlzlFTLLhD8-Ubg5hgJ7Ozpix5qqhuk_-9_JAHa2FZFw7qJdHI8-FyMLd7hW9kPiukokJUlopotY5fBizXMjNNGlQY-Dzf7DYgtYS_PmgYcuZ536Yt1NtDg24HacP8es5imAlnbCxmvnzdB2PCxjrCwGNHfx9RMvCtH0deHjLY1okEGC9Giy_B29tk9u0AO1GIn0N7JUCkpozfT1ifC6jhH4uo9UYUFZ9jza08-4gr3GpGKnPhaMrEHeguvBCBZBLWfygplBmy0TMZNk1c2OFIq8Rj7lzUsv_g_ZZLAFc9QWUyJESk1J-FZSGFb_hGUNzNphGN0V4IJtRAwEOKvfFABtKHqrXFOF8=w1024-h683-no', 6);
INSERT INTO eignir_Eignmynd (mynd, eign_id) VALUES ('https://lh3.googleusercontent.com/7k-YVM240faGa_hqVqBarPRi-nUGlNv0ZL5Hp_rEqgS-xGAxxiX3TMmmZGSzeGPSvAh7aU6w1ACHrf55s9eyT5TtxDB6PXLukRKT7_4EJM9uVyvhE6em6N4qc7Z_DNOxo6euAPaysOTV-LUJeaHZlt9EysWR3nrzEE_EQDQmaFZGJ7FQ1FlogjVgvCYCUCHcV596ZdCrvRzaDrWIvNnKWIr_FpcY92fyODXVr7YobLJ9K60j7sukwvu_x5mYxTrr8UV4q7VWSWANCxfuaaky0kfKch1aCsNKq5sbluugSTG82fWDzPW93oHDaFZruj6F3abYR7awu_Kx-bhItIWm60gOjln7uVerdoX5GDf6H1XzCIbE8dssyPNvl-weGtXVRfr4WrwD19_FKwOA_cRxol8ynccjiM5QUl3COuSXuqAn6W8BQh2ANfvZqfSVKaiUdLHTxduYUHf1ShJ4dZIny-J0UhTgvekF0pV1TKKhThqN9H0buL-CxpJlAOAM28NGQRWBUyOM5Wh293kZ4Tygmh-ryxOzo14ajsxlt60w129Gu0ncP8TiWySiEFU6GfXdlKaPtob_lFKcD7lww1ea2p5b_VQQge-QGHsgPnywfTjbJAS7xEtLM7N3bz-AyWudmteVOC-xWf-FdqYoOtho2eBk6dUfijs=w1024-h683-no', 6);
INSERT INTO eignir_Eignmynd (mynd, eign_id) VALUES ('https://lh3.googleusercontent.com/uBuji8Wcp1C5VKtvyoGa1x5ROZEPnjHQ8IseUzN5qP1KwFoklNe-OUVRnt1-UcFt4M4TbuD0qYjMgj0q7oLWwh1U1DsxHXnGzgr3caCUM9tl1SCtixbv8lGg999JYIt_jokVzG6nwHHEspF2DFxWIiDKgMfL2D_aRatQKsPTCqWD8g-5e0d3IrOV-JHCOffCe3S1cRGrHs7UDK5Vyru2Mu059aOnM7tt7eYkzR7ar9RqzIZqOrlDbqkmqOBVlzz8jzUv_5Hnt7_VLZG-4HE5T8y9a1RL_TnU9JP7ZQlGHBv3MGnCt1fgGTndIO5YU0_TJHFHvvL4fYQkMPnYK7vKSoVd_OT9M8RyUgg6rwqk6ODahocsVBdsavgDhqV7Q60uY0zVf53TkN8U3x1553lqh9Ce_kR3-4B-r339uYxeKFOZEWrjZVXnjOTEuc7FC3FlqjXFTVsm144xar2CkvvTQGZx32JVe1cuesI3jFhtZSi_HdoZoGHJwJ7yyPh6MGsMZUU2nxztWLFJVJlGlilTLypweRBGWUqJ-yrG4R5RPUR8kvz6B82G3gyRhrbrwe636q80yUq_c4zLCO_5FDvxqQLmeo2U4r-Sbw_JgVeNyx70_5iXNszJrQAn6O-c1JmfiKByIJM2WIagJVYVSZwi-BtDVcr6UbE=w1024-h683-no', 6);
INSERT INTO eignir_Eignmynd (mynd, eign_id) VALUES ('https://lh3.googleusercontent.com/34Z6q4kqhCszaVHBqlAMbDXipV63emH8fJL6UJpFIUUiSg8gAVO296ogecMRTZSFlBRDP4p360OA_-kAPzpTWfapteVFQ3mGv6n9ZnlNFoi50fbcEMOgQxKfx0MvUqhBdKzJ7EvHnK5jnZkSC0un6EnXCOv_oyp0iuZikg18yE5e1UM8LATt7mywT-rnqOPOqahsl9OIsB_nozgS4Shj8wM5UCdVTDje0DOZs34dM6nZqySTOLFsyrtdAa4fvXKYfjix86PXbxilI3uYAyvhc66xdAENgsFQNDHhxTpsN9qZcSvfjEU1Ca_3wztqUPFFNLxxBXJQncJX9qq-ntitEscwEl7M4qKdLptykkxN0re1eSqjww537YgUoEASHx6EE-en9i_gTKs6M719ghw7IPbw1GcBH03TPie3mdFf39J6mafVAUCkI_NFmRMf5YFvRHDWh_0AiMa-7iDF4RufGqYor_RGXVTk_I0M1KC2BPhCAYOj3p1oARDtyY3cgyToe6oFYUYTgPrSqXBvW_QGjda63b0dVFZbB1GyyivD2nKUkTgoaJqMjyccCttbG_nnKcardW8j3zT6QbneXgCr60ofnKzK2pgVRWXZ_MlL9DwNxKpRYlcsEbZUW8z5YkRd-klTXiiCdTeNHCaShYwOrRcVZsSy08o=w1024-h683-no', 6);
INSERT INTO eignir_Eignmynd (mynd, eign_id) VALUES ('https://lh3.googleusercontent.com/aOAD7WkyIOeqPMr2zRpnHj60v9GOmRX0pI7zvvOBVxjC_i_TZbBT7C2dbzvqUCY5qaOjrKAIldpUaSVeyCRHo6ISPpCUJe0Z0Pan4ENsFiqcYJVSU40vUx8F893QBW-zviOwaKq0uJ9CPp0NzoSQbTt4KAJA7j4F6Rvhut-sWSUirNKRfsc_ii1MzLgMTKBAXFlScm_740WNV3-wN987Yrd9rYwn9rKLt0tu-U3POP7wAhDl3ovzcyPnkUt2HhiD8Tl14yzfgmYBnl5RN5Mf3njSQJHWPLdGSTEtVO43SOeBMGD49HJltWl9UqeU12blc7AOxE2S04k9dFglSh2zy3p_ixIi319Ff-IFCeDeTN7NGsJiylKYYROnMdMfjU8sR_Vxhq_dfyC5_V-JkkLSkgUwSyyqsv6LSkOrEuWH-eS49EqOrkX8qwrNb5QioPKw3GCyaSaMKFRvnGuZdwhtrrawHa5gFWTV3OCxZaoeh7ABiSw_H3Qn9Yn00pMq93BbAsgFvGrJlAafw7lw1BYevJf6tmghaEaQwzHoU-g_4uKrrtBqZ64EnnMKz52472UTfU9Ee4Vm-s_-VlU7Fb8dHsr1moAD7EYZI-ac4WT1sUY88UHwdi9n8k-jSIAFAYd3NxhOLNKCc8ENl1o4eFbItfbHu_9Grqs=w1024-h683-no', 6);
INSERT INTO eignir_Eignmynd (mynd, eign_id) VALUES ('https://lh3.googleusercontent.com/sSP7AmEzrod7wPVGenxRX45__xoS8rmh4-EpDIEypDaUy7gAgYazaxY8wkQPvusoGkAPGkL083fd3WHUjIw6e8PIs5v9tfNF6InVabxI_aQl8BB1-qOiP0bpUZ0DKYHSZsf_0Q91VBbXREhHD8inIbq4hKcVbKVx6BcZG26YMjGNuE6Hxqg5PujFKpQC02tCIOGmHgqCrS_scsK30AYGm5T_AUxSs4GTtrQVHW90M6CrzaU-w_5E-Zze08gCclFxRRdrR3QD5CGv8A4_8AOrW7_Yd-f1oTa9-yPp2vtJPidXMMfcO8aCu-No_zBB1I5VA8z0fMn2pzZmnEsWXfTgfXM7achRTutTqrQo9edaYIsF_UrAPWUKKwLS0DE43YheH4Eq_EiHcgPo3Y9GGEuwZ2yS2Cd9Y66tgGmJxjtVJMEbDTxwGBIQxxb3GvRYUx50MlRDhSJPLzcWsshZC_4QsqE0EJMCl-chyHcigF4uDMpvdg-UJyv2nZCPWXDP8UzQ_0Dak-hKoIIfMBN2gt6BlHMq77bd9aCb7dNWnnjjM0JpothFafgK-F6ETUaZNQA709FFrf0_dW7lxYfJDekZE-HIraU5oPqt2qSLWDbFm5BJqV5tK4hgieXMEi08cMumV7fHTyucsLlk-JuEVbpHE4y_01HqY04=w1024-h683-no', 6);
INSERT INTO eignir_Eignmynd (mynd, eign_id) VALUES ('https://lh3.googleusercontent.com/RFvWEY-srQhxUi68hkYVQZP-OljpujcKOzCCc7wxQxwW-OwoS5kpfR1W2gSQNcz4xHcksGdzWkLYIp8V9YWbyNyvNHc0Qpoast8Dc-aO1r1QQ8nj6Fb54sB876wt0FtfLvihM1Nq7L8cj3Q7u94s2Bf6SHJ5qtUMm3zi9nMQjZV1PwviFQNXXydmsqKTD-Bh85BtIg8BUjqZEyGCSCHs473zIYHugmBe4UazYOLRv-cT7j6NhV_2l7xAJczFq23LNH6Uvahij97K7ZbblZZvxAyWjsmq8CjrhjV7mLXTTs51FwzmWs-zwCAQp_LsSmzqVIebe77aPbAn77ZKBAoPKS7y-2DJodvWnOpSpPkF0zt5jvlP6KeBVbwsszhQHd2p6UoIOUUlgI-vC0TAjyveaujXOB7vD77gHghsKgVdgxYoPwIaQcHx0dxn866NhJIZqEIV1By4h6gws4EfazZi4fLD0m28kDnL2bujYVq5R1xRqH8xmaS0UFXpfqXidl1NaztR8CbBRutB0k11-K1pOjDQv_hKg0gmtWldiNgOabEkhIwqkmwNGUGI-rzndHMSrvH5uRcMN8ZJaA1apvSzNGzXa1BxV9gkl-zVbwasCTHLR7AEh83kdTIYkeBc8nvENVMhicgN9gc4Nte-R2bqNupdWOUFI1o=w1024-h683-no', 6);
INSERT INTO eignir_Eignmynd (mynd, eign_id) VALUES ('https://lh3.googleusercontent.com/wC1GetsZbS6CfOOHPT1vHymCJUwnigOHl7KHo3KKQJ179Uc3o4uYeBAI4RFhh9JHI3OPlgJBF5RQb27B6HHd-SOVKynTdONNmZ6aAkORlLMp1XziluB0vdHdQoLNhpamBtZm9ot-c0dL4GSAQskWzpPuyHCaQulKNXR1k51fpr9cOMWmfxd3B9IFoNIzuIf9EG5H_06JTmSKUt04M9r0OvXfzTR4OzdpswejXraSrcM0dkjCI0zESbK1EpAprgklv9AnHvj59Y30LMiPedQOilpmIPeqKOzelAL0ZT6BV2GYezqOp6iuRV3kTgziyV-c2YSsHsztt_N_W_7cK8Ni4EYT30MV7SFDzV-jm0bIW574QFVqSMmlon8nyamRWuMcjaJDDRSk05btFOT20dDCvD8SDYEOxCKE9AJbHQl82KC_rBZdooIby1wS3Ej5zWCGg2IjVP5HQsk11Pzx54gFyA20AOo10vzxt96n45xVZ1OQWEbUcW9EqMUwQyyO0cKCUPKXv7IHVOCyeXQGLBrAbUrLr_n1pNPeLphWI_y9mV6zO-AFm82K32BmvPTHPFP988e85lx7GJZjJC0gnTyweX73N5ynhf6CHsOy5vh1Ddzv0-zvL3ISdk7ihE8fNE8GPmLodIdHXGzSKl0SWnDm7o-wT6qKFNM=w1024-h683-no', 6);
INSERT INTO eignir_Eignmynd (mynd, eign_id) VALUES ('https://lh3.googleusercontent.com/-KvAX1jMJ7XyUHB-KETjSxRLDmfv__HalnY4GAYx1OkHn4sTfVQZ2qvKOwUPAhrPY-EkZsroTU3qGOG-W_hclprvRb9-E896xfz8DhdI3jEuynGRAkj188BKr6iVu97yFujZh2fPOgHaWuJ41nk2gjGxf8gb8ENHoaEZK-NhamK9VyiRR-1jw0J8mjmLwf99VP5rZzOsbknW6Nl45oWbUQpZhHPLNeAIk2Z1Xj3DoOjy8biHjxSv0jhFOkf_FDyFfpb5Pjoad-ykbDdeDnjPREZFVYiP7pOi9baEuzoFD8IT0wKvGZGrbiZYgSgvc4Rupdq2dAJLRhzxjQ7aSrjZfG9a8vHffXto6xkwPQ0zK_hIr0T7jlGNrQPwXH_VFPSdI8sBMQ17G8pXp82ebJ9vWAIj1ccDOeSOqP-lIoy7KhKKtoXwIjC_NSu43XAhmDvri3mxN8X989lfBAYi_QcPSBv7558yhfz-uinuWTtoJbrdnB3Zh9mMZXlMrJr4MoUPBDxEoC5zZPVs2tLkzs3IVx9vjk3dTDkdBg6uLvAE9kmUBpx_bD2AqHUSK82XcULpXSVyUr2prQ0QVtAiN0bXwV-bTQbxo40efU29tFAMWYSAmIasalYTZY5WprVgh9Q0H5554KztVnAFEd_jHouY1kuKWt6hmUg=w1024-h683-no', 6);
INSERT INTO eignir_Eignmynd (mynd, eign_id) VALUES ('https://lh3.googleusercontent.com/XioVEJySC7561qBint76kmcGVAXvFv_I4tXJbP5satWAoTWyltfrMwrvBzM7KyUFwi3orwPnrtJAg9BmV76n6zxc8hqu6SRNqDhX9s2cOwVJaYJDDRpex_P6HukF1sDqBnrUHh1vUH8GAiXRaUc73F9vt-wVt6Ghr1SmbasGveER4_DCz_3kkZLokMQkjt6WwPQitVuaZStGPNBTZVBshvD4IV5xlPGsrUBYu1GHB762Kil6Ng_SRKWCIAR5YkXC0RwEyPE9hYc9fC4p2urmjO9_6YRwBDOtjCWXzI05s3LZJxkvt3p_c_-CELQcpaS329J_33wIn0y256vYFyFfTtl9fX5lzgdzK1Jybnd23pZM26_sb_gtQ5qjW4Vq4QDjtM_2jzQOzy8CP_HZhyIpZARiNFXnjd5VZZlTB4Xb13U-ScZxSkHiDwW3wHDvC2weTzxcSiKXhkXVtMt8JkfaGt8syW8n1uZZz-RenCGzqWVrT1JqgAT-mjVgkBkvRrrgJMqpjlihSG2rEeW4vo1SrLZzpHSzhuoH0k4kQSEEjGnuhC3XX0B1oe7Mp_zJ1rlwGQ8An3AMsfoHdacxfgyzBOY_CsCJ6LQR2QR_sE5BCPa9iWlQ6J4vWbyjTE9nKz0KCvNSCILZrsG511II3RhzPBVQXWJOv3M=w1024-h683-no', 6);
INSERT INTO eignir_Eignmynd (mynd, eign_id) VALUES ('https://lh3.googleusercontent.com/3qc0nMp99wANmuRnuTSzLYjgkyr3_AZYA1ljmXwJI65WBG7IW98lJCmSoO0OlMfBjb4kV7Tibbyqw-tKO722QZGcj9D4VJKKNIX4S15fQukBJ1kKR06cN_NChP9ZsbH6fJyOo82t0foSk1619JivXm8j9jNL-NqRzTmJ0NTouQ4ywH_gowotir5f2vQ3byrKbc8Qz-aDKu8p5amI8rpNEaLpF9KWSu2MtAfo7KDfZ6bahbqLeDE4L7VJVW0JrfrXkyXpYn8JvNbkCjfQHD3S5SoDjlLcY8yyzNXjFEViOoz0LdQXLIikvjF1M_DkU4ZCROrW4qdHwAmFgYHbik4kG3tTn5zin_zcqKbcf81DF6ATVE6GoFKJ0cKIprUG9zniidIrMbTBxjt-t2bX5s454-9uMLj0garZ96TlV8kyapG89wdB6yU--eFQkmGMbbyRDEo9Ac2Djond3_dv9vjGYjj41tiY2m8HQMYStQnmU6mxkkBRHJ1lUBK2oOQX6xT5MpKNjtHSNof7zvU7J7TAM5AsxQy7nn-owYaTTELxTYdvbAceClh6UF04qNRFLjTgbH3SasAyflZsr10Q4uMIrihXM-z_Kw2-32Hu5V9aywaeIipfZzlXRL57ytbWIX4CtrIEdCSg2IBVTZKfzn03nF48012O-i4=w1024-h683-no', 6);
INSERT INTO eignir_Eignmynd (mynd, eign_id) VALUES ('https://lh3.googleusercontent.com/q9_SKbO6mG6Rz8cDLRc_V-UXwqgUiRiDZTvnlrIpaZGDEgKHrruwzHWIopYNH6J95_bgmGaswt1WFBjDk7UYKvm5UolCqJY9hQDkDMH-TDZLyKAyP2ge9bcPXwgNnuUDPySiZiOVdVsGZ8emm6Q1TFgZJ_IP-trteczdgEZ1BX-_UsD_uNg8IiGWYJExL2E618-HW8-E-GrYOsO3LP4nw0JRChL2HJ3SneElk29FTesI-wJIxyAvWRiKJCgU07nGN3k-gvKXAWCk1l6ffZhSmP5Aq7NrefYVlJtPmZiT8QYhm7RsjvF-ID5b0GiEseiwAhVqvv60TEYCPYGDRJRiFy_It53ozftkJoOi9onhwoqB1xnVQgzLjLAi08CsHD5sTMRoo2pArOS9wJFzNlsozFmboWpdUDXqSDu1lBh_D4jh1jOgNZswlyXpKflk1Z07lcq4Zzy9EcvF4YNaQiTwGfJ-hUZ8AWCkqBxLyXCMQO_yRKjLAAzUXtzmPJ-W8jnNQ6p8lYqmqWGa4QJ3xYpPyn1GpgPzDAg5CyzKssVTPckm6CJTl62AwcahTWI4A-D7_alP_6_XZzUa0SDIE_PHvYCE4pbXcaNwHJWnJVR3XLQjmti9QzbDy2CbQfs9o454yllIkakPi0D9SYHyJ1HZ3ZYzt0R9Xb8=w1024-h683-no', 6);
INSERT INTO eignir_Eignmynd (mynd, eign_id) VALUES ('https://lh3.googleusercontent.com/CbjCYoxWjbr8COPsSRzdh07PJ9eurxVaJ5MOCJS-NjxUtGnlFa-5ZvEYFeBzdA659GDuExv-gDk-h3bkDrvc8KIGnPmEtIhnmDG1F13TJuRinVKu5zSxhL35YW0RyzRPZknQ0kZK78a0Aq-M2t4-jHXhCLRxH3Oe8wB-IkZxYGOIgg9ly4qyeOtJumTF56BSm9ZOYqCIhvZYLhTFXviW_RSjVFOZvqaLSpYhP7acwYGe8TMejKIutCe7XZP7ldsrSEn7jV1-KQ9A3GBabk9By3Xbc9Ldk69mPMUfvdvFbJ-DnOGvU0uBL26SV4P0niszF1-9Z33wcXpwMUtLlGeIsopZej_nGvJumB9JQDB1CwM0rGOzccaXJRf3eer60GmGjAmrdPnRfVvdrr0GPI01czznqNJHApsrqvcuQVUVjt6CgXk_dbkjnajXQ7o8Cxeaf4ZR3z2dPes2K7P0WrLUbnKVzLZm3dBnv5HV9FaS5zLVAPcwHYxzNi7leDr9yLd8IOPMgvoBTrKpE0FNCo0_Q3OodLBfdFkm07iEq7y5nK0MFj5qxAvbkmbQ5fgQUT4OQ4qx8UrXOJkSsGZOMWz0H6Kf8cHGGQF-9SccMIeb6-N9qUMoAd-YKURNYWQmuwL6hXpM3UfSMYwiuUODRECB7uwDQ72R-k4=w1024-h683-no', 6);
INSERT INTO eignir_Eignmynd (mynd, eign_id) VALUES ('https://lh3.googleusercontent.com/W4n6ZzPCGsEDCSdGchGtSJ0W5evdTUA8nAgiwv-bR3PU69ZBIwIqlctCuy9UUqwGrZwB7yxgCay2FToVMwJryw3tdFm3iYy6NA00TW-wYloMcjb-_g4vmwAa4ElPjhNTCpZRqvT-g-O26atD1w8-hTvCOihPliY6F5aKowIKbjEcU4wF3pggxsRBOC-qqnKOdc84xU4KdC-KRC6CJcTR34cobtxYKifXGA372NmU_4Ijj6IerjU14beDahI5VAITRDOSlUpuvt4ofCEBaCYlVLo2uyUNQ0f1qWDDO8cCizpiRJRcuwQYPTiEoMj2ySI-Do_1QhYsNMn2P6p_hf2i01iJEB6M8TAGngJ6F_uSf4Lj-kJEoxR1eTV223XrNHX1c-bg41errAn2CymmiWPqxkp4KARYlkf42popIbZTEuSJmvmOKD6YUis_Q2Tnx1BF9VrzBBUJV335E7ZuYpbOhU2UQGdwqW8Vlmd6qBSToQn544P9ZY8idmfIKiXB5yoPCgahTqY0Rj7RPrZJU5IyHw3NAIUTynCXWlX07dQ5U3_Uu4_oGW6hW-tOv_YzP_cACMKhqG4uukYgI1MYaPGi8x_6_9kAlpRtZFxCqa2dydJokEHy5OtguZThjkhSNAuPUbFeGtkkWCXza6rhJHsMt5WfJsobPuU=w1024-h683-no', 6);
INSERT INTO eignir_Eignmynd (mynd, eign_id) VALUES ('https://lh3.googleusercontent.com/GYsLNw9xyHcesTo8j1OwPVu1XF7IEAHoron9GAq9A6xHfK6hsAi6sPcV2Q7oA8VSaD6HWXvgdHX_XnAJyPtfLCz3rOBuZ6mOYjxcIJFnUcjS1pOGOiojip03Y_xZpqqNvF4doZua6SSNvMr3Wkfq2xNcs8N0qr-U73TkDZlC0o9gsfxcbczFU7Vr12ERZydhmahutBcYK8Y5Xm6BZHq9lj9tKcEEzB-ra4ZB7cgC5HpUyi9RyilRd-zgHkv-bX64ibuZHxdWS5N8MMGVGlbzWiSGQzi_w7tPNNkuUhyuehkjmu2MQhk1LWexXQ6MV7UBwO2Er5qPh8LC44BQzknoB12byA9ClHhYHjj2iE0Or4ev_0baI9uXv2JrCcoDB-boXiMWHFSsGlg8jNh-GM0tsZ7FfX5UI1hR6NSeOgJWJtuKhc9huqv7xTqJazsDSaBVDSm-9DMHBzsDOEvQAxrryiO4z3ZrwWDtfeMQTEodV-lPjnWEHuTVtUU-Sx66bSku_LxIiycLeF1U8Ne__CoYPOJhUJQSpxEX2pho-uyjoPihNgqGIwBCDpDhQFTUeGt43HVmtWrBuqdk8MEkMiZ9NoT9_3ME31Vg09DME2agC8Fc1kFam3PaBSZhSQIIC12jzTkfaH8CVNVNz9kH7jiyF_jeuUk9UBI=w1024-h683-no', 6);
INSERT INTO eignir_Eignmynd (mynd, eign_id) VALUES ('https://lh3.googleusercontent.com/AFVBStl7cA9mt7SWbWRONW4DEwwfyfNjHxE7GAikOhjPnDqqKxfaLhGT3N7Juiw41vg8qx2zPMocaE3YyhTNeID29gkymcAyrGrSBTGJR6iaBy1Uwiwyfj6vvmHvYfOZs6IFfj_hIjfAAx4NNjeHgcUUiyhJ_R1AHJTecO_7apahfPEtdkx9a1xIY_e_QfhXUXenb5zKeAf1VLg36bzW0yI3hKTIWxGueDXfq8WSAM_ZKEd22F6pC0LjK_PbbCV6cOnqdeUTs6XqhGkSS65HSwl4Aa5qR4Kl2N9oqWQNPKDICW-14GOw3jDHO4eJ-aGyM3jNlvHnGB9dAh3desBRC9cOinJUGEKZYqwKRQID3t2I1N0Yx8vP1ioTnLVz06aPXKdfm7GFhJLOkkaIEbvF2xcHTePEsMddLZ-k4Xjx3xyX1WEPwJHSb0zTqxkMjCGR9J0LFX0ROkYN_4k-jIQBh1oGRxzkw2tFsHdlrPFbagBE3F9o2-xnfvIW3PWjnVyZ0nTui5_fPVt8kOWSXC0Rzw-rCblitvmL9uFJA6gEZ51BmVoQSP9PLftCvoosixJG2KPlBqHMZ--X-iS7ePaNCAEtgMbaX8N6GwObXafyo6JpSabe0ZoSVko0SkrtQr24FpXf_R_0rzlvKD5bN7sjtJyQtT2iFZQ=w1024-h683-no', 6);
INSERT INTO eignir_Eignmynd (mynd, eign_id) VALUES ('https://lh3.googleusercontent.com/RgQycaO9O0QsDRcZtMMLM8xz2qDDewWVb_ZCOfVDfYcoU1g66srQboPHSB9N8I2ZTHDpA9Vv82FKymwBC8xuMre40ugwel0BD5TQE3QJ1ijB8QFZH04HKYYTf05qbIobeYqf5qzTRurOc719MkfsLm1ILW1Rp6tEt6R5OU33b6RnYVElvEUyLDLoT3xp2hSsexVT63MFntdu7zj5OuXEiPI2i0mI9zj5tQsfIkTP9oipdkpZ-pEIqV457w6bK5YmG-G3kYK-fSNrnufLVYGb_LdYPtYBFelBfQcXmUUWnGPPVJrhwW-k94KDHTucmAwE7v-hzuZmb7Q9-1at_VZHMSUaK_XHhU7C9hesUJyxOWCAMp13xT9xWzM8w_8P_rqkvKLTnScsQXhvflmU5NasZapYOV4m5Aq_-QD2fPH2ovY6lRjhIe9AKizvdpQ0BwdpyGRtHu8kN_6KLVV-QpIiIPjpEBQ6xHx5XQtH3HdpPLAAgOcpqJ3p8x_VSAgiTIdGzGfXG9yoIYZOa_k8boH3_S_no4y6dAWwSvyvPppULtO532be3c3-geghYeUBuYYcIFUTADUzTwD5HVOX4Rvu-vyWJdsHLwualj7VjMGdkLRDqU9Z1L0Ygki3fIk9tA-xCrHjOQdZtC1z8CNQHH2mYLiErjVNS7o=w1024-h683-no', 6);
INSERT INTO eignir_Eignmynd (mynd, eign_id) VALUES ('https://lh3.googleusercontent.com/uPT0vuKKONJULwdtTUSxbwoxkkzmAs99sWKs4e9ydDKgxrV-VUfqbzBh8B14oUMZtQ0ptI8cPC3EY1_RagoT9FohHvAOORDhfdng_9GiqwMyhmlLi8IHCIi173unyiNCnAy7pBS7lhpuDDs1bnQicdJezWUFYl9cCAEvo3kiUeaXI15CLJLiQT6dfvCru1JTsQQkkKJs5B4w5SJt2jOz1IunXBdTtGD6B2Puq4JD5ccwYQfsJVcokGxqEn05uaLU8bWEBt1aY9k77KXuWenHh-iUMsJ9Oitiwx8DFdwql0JXM1ENpQFQXSsvULGNVZMwEcqSn9IvVFdPSLr2YrWh9M1ljDqNId6CuhOZx6ZKxG4Eem0C3NIPyzprw6sYfg-YTMCPSbOFhFKrkrOlz08ESFlruGprnWixb_2f9Upyp7b0ljxGIXPzD8VntWLwYnyPWl5zOWHi6uHS0Qa07F8z5yfWr2vhCfXe13NJ5B_DIGnmS9N9Ke1yPnObApfaV-u8533zTbdKShMDPP_RhtX5ku7kAoJA-x_fUTeDjlKvqEunAHuACdb969VwVSDA5YN4Ivnhm59W-7rLxbJYKQ1v8-8UBTlXy3ivcVW_Ex9fbUtifTLnQW5P5xos_HeOp7QQZqlLE0ST1Q9VAa5MMkW6Pv35TcC7Tp8=w1024-h683-no', 6);
INSERT INTO eignir_Eignmynd (mynd, eign_id) VALUES ('https://lh3.googleusercontent.com/hROakq9TJp-yl-juaeDiDQ2CVzl20Vn-vT2TJx7J0ytxFLUNB2OE4CQJRs5Wy_SXDa6eZyWwMFn2-DfOLQH0dUid-lfF7-C5BjINylU5SDmCT35XW6Lz07s3xX0uerDr2I4nb2HmC6wokg7r16wXrUuHWbnNVvMssN8yZUvVVH271nCrV8FWZgcoBNy7Glx2XQeIC0Db10PzpOczw3iYhcmZWUVP83moy1p5BxdQLbbe5iHcDWxhOt_MbrWFg9RCyxCPdycLiNLHfAafeskdPkFgTWk1ThjonqR7vm5yXTPt3XvDPnaR-I28PR9wj9s-fq9C_cykzKZJsZOkEeoB69aVXjsFLtTGf9cwIjcjbDMpvK4NZB_lZuARfHB0mdGJ6DCOBsp2_XTujwTw_uBeHbqMF8QTm6-NB2z8gIxL-Z-E5e9UNL5jHjQAg7bPWwTu5nTiF_Qmzwx0zCGYT7yNKXeUoSJaUWAt2R9YiYbCU1UpYpWfyd3U05B2z62btAmmSrQPnPhnmbfIGEGdkohoYa45hCYbUno36l5umsLj0lX8Kou4lxH9KmyrLBFoX0Nh3lXzoOYhK-X7ln2WQimxqZde3KJ4Bmbo7jtgoGyAxmrFKB1_VD6powwDmXX_h7IdR30UUVCAw_Fcg6TyTtQmR1G6H_KHUR0=w1024-h683-no', 6);
INSERT INTO eignir_Eignmynd (mynd, eign_id) VALUES ('https://lh3.googleusercontent.com/YkopNy-wXfJnKeYINIRxYZOrFZCybky5rc-A-ZIocJk-pLK3qGRXr0-g3Sga4My1puDdyu8_sV_BAYud0ko3xUmh6kutvSnCNhm2Mo_kZCeS-vTT0zWf1WPqo3LmY98x1w6fiAZjk22su_K0xA2i5Zu50LWJGaQbpNABblOd_5lnw0ekYIqAZqLTS-A8PeNPatizisxabGEOj7twoncK9x2zmY6smfQN3t2ea9msNytAtdsHOcgYcspWw5k3FmdGBF-XWvpoKfbw9aINjaiSgtwYkyX17FK9-HKvcmaH_f-k4F9_Hep7J1REnKGINg24dNGVzhI7Z4EK4zta_Il8T-A8QLeHBQdRvebL2Aucd3VYkGk9-803qpIacd-1EqtNljluO3GfXayFiwkfkSLcaYtmxkJabZRwBlgRxl3uj_1Mt6ROLnfd7KC-ptf-LEEe_G9D1gfxZlMp1EDwKsKKnBNwcVsNhqz8GOfi9rR1QUxgZ6qPvk5mG63keRjteV4dc85X4vbmDXAdmf-ht106Yi_JskHR6GMlXDoTLqHsWRTeNecfOgBdcsTO7Q_0QsPSv21vVs5eJjxcBGaoaYgUfJzE91U-Hq77utIUP_VZTcJLhFHyNBriY1xFRZ_3LG_-SzRHRXhd5qaCusxcmBliN-xqsTaNGE4=w1024-h682-no', 7);
INSERT INTO eignir_Eignmynd (mynd, eign_id) VALUES ('https://lh3.googleusercontent.com/kMgfW8h5MYz7K_3PtXFjPIPVP-wogwl6Q48iiorkn8-moMgDfi2c9rRy6tApF7Y9zavnllMmEX48FsIBreNpSVCFakVutykB-S0jaHQ0tsu6ROfAiHUFnH9GOJNUfvtrNC87SOf_NOeP1eobJcF95F8E8kQJC4mVWKNH0gosW1Jl6iRbeeWlETIHSCOVqSflHmXEPGAkULO_o-n7ylRol3fDVRZCd57F7TKi08TiC1fBilZY-yHJwd2PIzIKTn7WxGNFvfN3V4midI3Jh1l7sd75XjdUx8mSIB9POhAToLe1yuxHTVkRoQ7ApCSA-qBCAoy2OzmD7lgH5KZqxIMALSt1j6oWKwl4Sqh6tLd2KdWu7oE3FRMVL5OXeG-UtgXgTT3KGa_GKLgIKcvrvxy-16hPvpf2m6SHRDvvlRcfZfAfHxgXrKK8LK768LLT3jeLNbNFEA6VGGxHccUpi6_R011N_bRmlumTR_m7IfLaTxg7Ek0yONgapOyzcE3o_hwDRNXBY7STuixHuNW-fRLlcYCpPMb9q10ZNFq-P-ffLNpPS-Yj0RlaiPaZzmEqVkVY-Y7kjP5xIHSO_MkSCxzv2cRk1AZYWNixFr0prqrivCAq40_JlWVpXIvyrYIfmlnUWNUuEoHbe_iC56LFwxHHTdk0wA7_9h8=w1024-h685-no', 7);
INSERT INTO eignir_Eignmynd (mynd, eign_id) VALUES ('https://lh3.googleusercontent.com/_dXi0abtUO9st_HBZBkYyXa3Fa00Ht_1uL6XpWt1TBW9sr7BLTXpY33yXvkyvxwUdiCbXj9dLA4xIpvLSyRp3kX7HgCHFAXNrqRrsajo5AxjbttIcyibwiVlv12yoqU5mYWFVzalJkXyB9mZL-l-d1w9847qQM3a2HXcX2moKqdmhn-L7pyZbFVBswM5WrCjblZiR7D4tWQE30oKK4fBhqFKoz2MVAsZHLQoTld0J9D4W5FQqCt9eqRIkNyGUGEvpsxDCkAKfTt5XyoRe5w1dPLow_wTNp-YIxJ5TxAyYgB-n60UV3txceC-lxsGWfakfFQ09-breJ1cuN9Gpz50GThd12hQiRHvWRi-XaLCZvMgJaWPwJPWwR-yAetTcY_4LSG1IGw_AHJSRazLU22CHiviO0ydq7wwJbx4GtIVgdpiSQTbFWjjfF0U087I-l8djIpTmuDb7DKXVr-kh6a7SwTXD2Nx8-JM5bpR8dSX06Q7Wrq5e1SYOalSRebSLmYQckuC7NK1lKpjqtcfZTRBASDB60pqqBygm5xxcNzK9L_3l1QYOYHHatz4VjighoJcAhIBDMVvhllnJowE-RT3Yklw1pEkFAP8H1sWjJqqhQHyk1JdWeZ47CaqpU4d-Ux_WNVHI0GB084JmckW25FFf2XohZMseSQ=w1024-h683-no', 7);
INSERT INTO eignir_Eignmynd (mynd, eign_id) VALUES ('https://lh3.googleusercontent.com/-dMT7LdvTNFLZmnhEegF9Xo6tWdAYKTPhTU6txBBXpZZTUQX0TIQHQiOoGFbQSFiQgpPYCK9_6UfNy3IU8pkqP1uyssJ3iYRjWP5Je22x01ymbyjvV8uvwf222Gf3J2qfi9K9ZSK67uBIJHPzMHqOgCtiK-N1wPxFAWuZs5NqZHriTFNSsZJt9pJ_ytfbUPOFylP541LfWZg0bbnXcB7V4eu8EopmoGZbUAlQbdH_OBikWMzqbujvz3dgLVaSTCt2H82IcXdhfxgLbxuXqT0rC0LLW7apQHT5BVP2n9PMIkzYGB3w528vDwh0TX-3ZrmX6K9aJ_8uvINNa-GqfrirfpW8AVq6DYdkCXCOvp5ZB8t8l0ZJAdRmbeB8Ny7xAvpXUaWI_0OXxLa2i1-kcXWY5JUaee-rglQnGhjd8g8Th1_GwVnm_99zyXjonlfqYoi72cGa65Xebfst3pw9-byRDMJKUvbJ_me0eYb0UyzHNAYVWUtQZiYOGq9Srl3zkcBQIj7cGX4qi-btgAEPE3Tf3vzbutgRmcRYK77x0P3yjfpAwRAGCn1MRV_KXTrXNlqRThqXZb75mJUzlFIzwurXG7FpfeMyND2JJFvp5DtjBIIaIeYh575p_Xcia7AW0z4pV6i6o8NT48pAKVrtC6G5NAH6bwDoio=w1024-h683-no', 7);
INSERT INTO eignir_Eignmynd (mynd, eign_id) VALUES ('https://lh3.googleusercontent.com/SMp9LVpL-ajBIrKucMX-KEcBs0AzeYOUR64pG0GOGHEqI5nEjXO-7s7WQ8fGhnAwVpbaW9wihKKwf3tZlG-dwONz5lNm0H_iDnKSLtnxhn7Z47wyu3J9jm9y2SJD7g7sY5-IsdB1QdYSst6BP3izaQumUU-rNTupkCh0RYVc_WpUAocs1krNKTcfxo4vX1tXs57IKflUdh5002xoKZaGK1QCZ-D-LHTk8maGTuJD-_XfLQbsTLAkoG9pt_0T90-z9knMhoV68Y0jcU2iEF5px34nBhstIS96vY40ASS3nKwZrWeuP73e8dWWiZzvQMqaOkXHn3cZHB_uraUPMzz_Xy5LMsyjGIZGzHU6sn7FgEs56z0TOWkufO5_u0QFJrG2ar1nV5dO5c20aWt1J2H2QaCY3NYLMSyEFIzF9HzoeQTz9CfMEEV0Lb5G2QAa-YBFepulzRXCbNICHUzFWf6ZlIBwVzCc9fuktWR7A69LKEf5g2poGBphVNCWce7upPzrvSURxHnufV207yixk8djbxOJVHp1RGjCIbgVIwROPH7zgnr_CdH7dqI172bdzKv7wLBzp3fSedrrBW9aEtVtYaTjBgR24KHBYy2XwVzgaXs_CEz60Pta4UZfqwId_5LCXkNZzrjgcm4640tueThfUr0pOIx1AAI=w1024-h683-no', 7);
INSERT INTO eignir_Eignmynd (mynd, eign_id) VALUES ('https://lh3.googleusercontent.com/X9EmbtceJN7SBlnzR68izc7UbJ2S8NvGv8fGRCQh2jY765y-e8LdsM9yLz0INAejMPBUfIpZQ5v_vgBxovjvrihjEd-OeFgLqY30ELAW1tpL6lG8j5NxVUr7f-s2ejuLqAGFMnl7NrCR4tjVNy9qwKShB6KVakfizzlIU4o8cZWVFRsVqnBlcrvgTqZMuogAitKHfTuGjskmq0aY1WWUCFKjD0uXNAQ6krrQ1_FCidj7gTsq3TJg9f2K6ksAJLGIjbZO8VAaK0FxS7olftnJ4lDHMh0N-GG1GCslSjyC4g_nUNjFDicVtET-D4cAaR2IMzjxmFf_3GJwqVlqh6cDjZ__vxOoXQuagUL45phayxKch8RtevRSVcrUIR1UF6GbZCCkDyOCK6ewZ4UErl0Kt6AJgCv0kLkxiEmENqLbI27mrOpKZjHmmcaJFnChuUmSlxTACACOlQhhNbXIVCGnkgQ60_MB1COxRaNMe_ApyL4fPRtmCC0jwLYApH-XnM3JRiTKXx4Rwcd5ENVeTyr-HzkO0F8_o8O46kyUk1K5p9Quey0giC22_MBFa6nYIGp_uO4nt_GhXx9WUdec4fE1qQAJkjGA7fcVdiqfsfSA2KuFRDwa09QIbcGibojYCPJF9U-47D5o-DsnVO4hpO8vY7Gz1y7oxuA=w1024-h683-no', 7);
INSERT INTO eignir_Eignmynd (mynd, eign_id) VALUES ('https://lh3.googleusercontent.com/mIqlw78zwUjJLLpaoS1PZPmqrWztma2egE2MFTFOc_6pFqmxBYTNsIzwTCm7KVY4JmEuYHAKdptw4w4FMdI8BeoVReXCe_cq3ZahvhiVrHVTWB7EGRNOhZvMO8RJBAJpLDX-fYATobmPM5iJPb9FK4AliOYtzEhPtlFl-VP03Vi3s5I7R-WUogRnESJZuXRSQkBd6L4ra9YqjYSCzfuxlEPtScziN02lExRS0Pk0oGyYnEo5FI6edqYJhzwCT_wXtjIehJ1Af2-rVgjfczAKTajm80oI-VzSQNu72XLsufdl9OIgOyeilYq3LJxUj_AM-pydfInNz9yLBoCZHUfCVhnRp7P1bo2yHVw3FQpOOom4R8O_7OyQx_yIMmP64bhAfcfkC_iQqmRND15lgAq_PhfTYqTjfWw0V2GXv0P2T0jkKEAukLMKEZsLaOV9Aj4COxRAJGKnly6ggF_iSHrgTvN2gQ885aSqmPKK-50wrJTWrsVwbtbmxi1qJLolUVUF6nUFXvH5kB6Klqg-BqXs4cr3DcLHhuT98eZw4S9tKnFpYbJT7CfsuF6JWpz4lZbnfW78heQ5sqZEc4wZqbiIlKSKEtdevQoQAH0RU5uQOGoTPUYuodm84BDLm7LD5JAgf5wVpKAuonyELEUdU4pXmq7kTPU_Z7M=w1024-h683-no', 7);
INSERT INTO eignir_Eignmynd (mynd, eign_id) VALUES ('https://lh3.googleusercontent.com/8QuwrvWNG5yLFihWwt-igjoLJt98Bk1CV2doZPKn6XyWxQXI7jXK9qZFFLzS7KZBpfzh2P1skm3QbMWOYH-Zm2cZ18uNbW8c27VZpUMQN9fls-FEw4XHT32yw5cplAtV9bedQwg-qEpA8wAvYS0v8sSWo62hUuOdYN1wM2Hsw8jNIod9KZPaUdfYIkNaMaD90lyOIC91OieOTxHmH3Pu4tVtt2UtZeETHx4OqVGPgT8YXlzNUxa_vb7dvRMg8Fll5UVf66sD_IN8Pd2LygNq-0fikaniu_s54ydxnGfKGlvldM4Klpo-z-vzBXADbLW6W-6N5egWHBriR50Gsem3EPRax8_teWF00eBZphDl4LmVJC2mICD6D4Iq--ZYixS6aNsxz8nFjQZl5Yscih54U8ZO_UpmTfnBT5TEN6BKxiw7BITDanhO5ALxiufcxGExGLLJ98YXk8bT4gNyYDSOZHBYn-EmuTM8VKgwiST-dGxzMJ4qrp5CPFnWM2pzGr10ktxScgqeYK4OHkIMIUgWk9x-eSQqBXkYmYArADMYHpAJxxCSNgZTzvRw8DU41tN5tKAnXuhw8cBTbzRbNWJ9DRNRnbBUyXc9y3bGlBu9P1otQuJaK8fPip3RCU0zbDHQE868SENyfntV4hi1PE27Tu882NU9ha8=w1024-h683-no', 7);
INSERT INTO eignir_Eignmynd (mynd, eign_id) VALUES ('https://lh3.googleusercontent.com/m6pILBUQBxG4YlLjfyYkLTLuyKDrg-aZvgIANUm2VLJUGGAOo2xFFfgKWjfKcXibYvX1DiF-GbBeqjZJ24yTkYo5MksII5A800aRDO7-GIcgxXReQ_Q0apYLNA9OpHRmdv4n51pw3U5YKeeLL8kxblSWZKg8uQPLaQT9vdav-ZcbcOvWpj7CEdK8igBVKxtjYpyEKDrJljFlBDCH_SyJa3dkD17QimEuCIfZnDeoFFScrr2fGNeKYuoU6GHGgu9GDceDw9i_HimiGjecZLqmOEX8gmHSzv8axyjVzA8tFaKLyVXc1UkLnDqMVLqlO7GqOC5EUgaLSAh2LIKRy4BU3wZnjjdVUh-ydGuJpzv1SIBf58iqsCJsBq9vaTwiFgFDFD-3kIzseXB9pJ44MDkcTEiWuwA-YdWXNjHV5xGy8_uq8SuLavUHpvLVoDY6vgObE_JKrfU2ZHP2H4aQQOUeGvg_tzN5RNhJo4T9A3mO1-bUA_GglGqwpfiOgz-dEi8Nj4G24C_RkjpmXOJQFxOCHTwvXGCesRIC2rPLmkQK8qHV_UDX_GADlGLuEzKkcdAnrRx_Ca_616ISeTqyCRxvnrUOJtiEWNPy4ItBy9ktf3xRrFOeMcaDU-PSpzZg4kNJdMkdME3dRV9qzLtzkjzXR70yqjXTL8c=w1024-h683-no', 7);
INSERT INTO eignir_Eignmynd (mynd, eign_id) VALUES ('https://lh3.googleusercontent.com/KI-QM5f1j-AZPy5l57WaurEZMyKDMecgXB1Nu9j6Y1WxbbzOonR9ieZpAi8cVzYa9vCAye6accAKcdtLBMNPQM5uxtQrxQc7ouXPLIxowPKrtsx_MZScvJU3NILCry5CMlDL3ZgStiVdofmG9JQVoCsIXdd31WPyMAVBGeOWGApcxbkRuLE_CYHQyZSjvIDpfYxzUL-vV-taxOK7hwKh98qrJJtLLFVIiBH-f5YT0uWZQ2fYWwILy9mtQqFplk-YctrIyTOfaTASl9DDuzBJGefoDtkjXBmnJ3YA3LzWFyA890YbS_oGzkWoSVFYd8Zq789gx9jLElvhXb9Np_X9t3c9DYQA-P77dPrv9AHj2sW7EcpLYYXyQx2fOdOzECmtJOLWP9SPA_ZPAdNa_UZ3ZEO1JIX1Fn7FG-JUsuZ5-OuFqk1g7xyBnEz7z1tkAi0gRW1Sbm7_woFqKm8mtrFiB1sW3bClNb237bd_gp8i7vCtmEtfhmXjbfYNQrRlcsIVvesG_bjrdTxw_OY7py935GBSNuja4WIn1T1lZ03ArCFxlIivPigQfSFyjZw31r8kR29xX7CmrPAaIGHAsRk9uTT_fUP2erKyoeV5g8RpexUqnVcQWcxocW0SXHWWB0eXXt6M8-JeGv3uQhVw1U7WLZgSFVujzRs=w1024-h683-no', 7);
INSERT INTO eignir_Eignmynd (mynd, eign_id) VALUES ('https://lh3.googleusercontent.com/kyOTo8v88qAx34s7IsmJjnsfjHr65i08p3bOOxb8dLxGZTCmyAxw6vCm08rxBvP-T_DhHFlifQNRVC0VC0DPGMql3EJZjTgnkCsh_V_1RbnpM3L1lqzZSpXssCT7CHSe8HjQ2CChm1ZGYD8qd9aaSrJTlisNVvvO4anPJ9OKCYcG3uYOEKYxCo5-qluZDqunx5rMT67cSkCIrg8MbqrdAuiVp3Fja6QHV4nDo8Kojf4THYWwJDjo-hClZ6KnD7EPzz1fj6yO_0XlQ-xOLhVqzgheZmIiJ41S4hyOeoHc_xM4cxZ0UO5cz8gHAffoamOIAbyJjpgGousC23DGCEAtTUYTh_7X58xZBvlF7M-CKT-JNysAXmN6pQ-b1DTlIQ0mkF8lGlm1k69P16QwrxO2-uFhvqnvEJHWgsdsA8K-AlZpD7bRKBGe1sHgdCa8R8S3BiGjk05aM_9BGM8HCW7aPcPaZ2rNtaFsF8rnPnm1yFc-vGxpfL93_n8Gho5-MOeg9Vi0dmc8oG3tCu4q6nWQNlRF5QEZMut7mNOnQ_qFegUn9j7MXNERECn35SvI67B3d-Y1Mheo9oxJRzBpG3aRvKBC8qAT0J8ZpTgm_8KaII84XVHj8wFTxUjD830Z-FKWqEZquT7cbSTr7aRkJvJwMjKxyT-Zcis=w1024-h683-no', 7);
INSERT INTO eignir_Eignmynd (mynd, eign_id) VALUES ('https://lh3.googleusercontent.com/lyHz2qq5nRBXrfXDTfJNFonb7RZAuTgYA7pnSr1Mk57oyIjdjkNCiH2LGJsWTYzgFClhreDiYQp9NB56KhPmLv_VfG3xcBHjESQaiMlRURXxQBirCClcZRjb0zQs8gdIQHuiqkP3lNbTD9sI9G6EnXdbyZIvhNM4ralBDEnJ9J0gJCaLxeKQrpc8jfdT8zg5O0NE1WepNEFW-5PSSSoJnQHaUkvT5FjGgk4werZ_JtbMipjD5Xfd70LDHFp6hiQ_XdwtNSk7lUW_3OYoFz0_vQueTpy0IcLktL97ODw_LqoGOFNCLRtwFopiozJBb9Z_5StT07G0G5bjzU9DJ-NLYdnhbW7MM6ZH-4vMh3N6Sn1AyR87_K3_uo_5G9OcJGH0h9JilVfFh-JlKZ6GsfbLDZ1le3BACr8I-bGGrSTUptSqsypWLe5kS9qmqEcoM7_DxZvrZNfEBpsqYmcaVb9PM5MXD1oAZRdrWy6NWgLLBsw8jxM0BPwhXkkx1X1YGGRmhR04FYVcwQV3Cax7_LEfM1cYLWZpvYT4E2KW85I5mlA06F4zfNet48Rz-Wb_k7PGra5s4bDqg7nDdg5X5UflFT3tPR92pAvqqTn11j87kWmjdFzIow36fBrCtrTpuYVvAOSaTHtvdtcjY2Z0NFbHE0cSxMEmM6s=w1024-h683-no', 7);
INSERT INTO eignir_Eignmynd (mynd, eign_id) VALUES ('https://lh3.googleusercontent.com/p4ULBTMR4jtbWQezzOCPfwpcz2oaQJldxMTR5-rk2ZcB76fW2IkIzYXvHhq3SgfzMYlgLVNWmvgPa7lRjq04Psl8-8CjlRy9LxRfqISfNB2DG3BScOrEJClnQn9P8On_k2jngllQKAP4-gb3c5sUTbmcN2g4BlTFgCn7U1u15X4LMS6otYkiNrBYN9EUYQjL0iS22ntZ_uBfvaKUQ09b98XrY2HxRQPMmOWzbOdNsMb8JqSZkYbVtOBxGzLxHTzJFVPMqkizNtxaw-8sBVZ1-3L3S8LfkDdVBKyUAGfXgN_mp7gPFxKCxDchrAufbt44AUN0UJ3NqPKdhhRPKvKg3DQGOy-6upsIXB3CwwdP4i4UsSzgjDCtQ4VDoZB3m1JEnVVTlqLFsy2NNb1XI3GY0UgsiWK4tbyhM7hb-K82Xsm6XdRpm0ShdUtnodwikhBOwOVJtIm6Yc6mkUZmA0leaErN1q-9CAwc41YADttoaTgMgSgPhmkln8qxWrlFNHbc8V30z5RMV6vcZEudo2EF4SP3f081Q9zO2aLPdcxKY1kcZFrVJJJLu7GAhyCMCTxXp60mJPginIdPbEalSSi_ioksWHoli5lmQYs2sFkjWvx_FwiESQGZg-KWh7jAl2G2_1HiQN1zh0M7T41sEEjPsrDrSE5ehdg=w1024-h683-no', 7);
INSERT INTO eignir_Eignmynd (mynd, eign_id) VALUES ('https://lh3.googleusercontent.com/Yw4rSMOvUPzfPuR9I49FZCRlC5i66yxtIdFsy_BKVmODpC7fDHdo4Gt_v6mAhIdZ-Y2mu1eQ88rBZtMdDNeh0C-c-scTNLrricUSH95qTBz3p3tdRWppPXaCPJRJai6HcO1UY1kUzlTEFuiMjlbr3WryQZs-vVR9dfo9MaFoWXKuDwqmTbbh4JCvqjoTMjavjpDVQULf1gVEQsiYr0OEAs8u8soThMTYMJpfkwzE9GjTGdq5jxyEdVPXZbL6Uc7OpG9GaGK0aKskpwqO79yT15JQRM4EZDGUXXgBrq_6pXQfyrDRWDMpnimkoUjOIVGzwc8vBaReW4dxqgAydm6HvDR6K4FS4jsgKq3OXJqmpUYSYz_Nmr_U9i108x55Bzn7mWhKcMhq_lE7yH9TA3Yq_ihZ7qPDzRMA-ZqXMZigZUOZALHsnBsjHauRnWwhMla7HcjEEKStWTLaWgwPKShWTkkmnybKosuho2Fh732PjpuzFARRxY4ZlTec3oDA9_3V3BWLyTE3IjwFdEjQDSvNCfP4bXIQ6vN-NrJX878oHZgDey5dvFcfAznIuabx-ntA6ee2wP88rZJJ9azt6bVzW3S0xJ-R8NiJ7wY6VS7-iq4_Bzf2uhRfGkkV85XrfqlmoVaUaLSt_vrVsFUQvM5MdjAhyh2tDV0=w1024-h683-no', 7);
INSERT INTO eignir_Eignmynd (mynd, eign_id) VALUES ('https://lh3.googleusercontent.com/0K89Ruiw2iMudNeG1GQRJnTMX37rpr2d87_JBKpdSelSGtZU-RqMajYFsOA8jY4MN3cj-mDVVLS5J6OsUEtc_nOdID0A0W1SJnkE0sV92MZ-RIccr4sGmr7Hxul0PgcIJ6lai_IRAw2aLX1UKXr_fD9GyIyRLTF1fBginmpAvDbyvVWtxTMBRGp876Z76JdOzNLA1QxOclnJyu6KqfAeVjppL_oI5yoPh7qpd7mUPaxcJIwSoJMJbiGkoVQbvumOQqJsihvZ4LpeEeHI0HQetsawyQRPSE6AS5Or65MzgOoZ0QtR8lknHSbeXfL92Pzkjlhmr55-GxFk4fBXvrNzlpHJSDHJBD9NEITypFcYJDxKyKIsTcfYXpAQgE9o8tRyYe6wm1fmlJ2CrtEoqP6pwH1NvmqCMu7BzSSUlRN1IqEI349byHReL9fsmxuH-JKwlAsOkXmaue8SmxPlHAjCtZcJjDwZA_pDKPCItIM0wNTs8J0SIyIB3wnlZoZEZ_X5EjgwlpTCDKjp7ogbuqg0rRAMPPx2WkiF_pr2dCTqoqIKqEI-NVXZspzoRmm_34whRIYBb4Wl9cfgBjyzWGkZ0dhro6PC5PRIOrIWQURau_nueYywL91N3yI5GYl2JeIjNzjTqWOBtkGaEwqL0Kyl-vcrSwMaRis=w1024-h683-no', 7);
INSERT INTO eignir_Eignmynd (mynd, eign_id) VALUES ('https://lh3.googleusercontent.com/01blT3ogqs_yoJSN-wcOJP52sS8xl0bOWRH7uEBgk_rzaAJuR2RkdujsTDpVFWB4qWlJ0R4CUlSJvHxF58aL6NdINoTJVyhM8jUTporz4ZCQBcidmFLP5CnQv7hCIxbM_lZiPsnlljYEG20gpxnjBk5ZT9-ko4V1cT1Oe-9Xeb9m3Kh5Kn8-XmC_BbGsCTVp-o5xLgEPILHlzmuhv8wNWBlT_fpNUgpaPrzWoz_w-Qk0avh2tUQ0wn2myq4pPbni_FO5kN5jziisvPr3hA-7AV14fpyl8nCY40uhFBzyV8BJiEUiC1jFa6BKeeSQzLM_jDmEZerJcPnhJ66Lxjxm2AjSA0WJdpPgDOeg-VuATgOPCsCKDiZPeWyHlN9v_J1Ru3zpsoUKnbm45DSu-3Ow8dkrHIfX3ROEVXzuyYdyG7PpvT-7LFwcYSZ7Ervq73S9h_m80lM9R_sRolgMMlQCvPd1PuwULzu3nEpTUfZ5kPYazUhjGuDkI2LQodr7Ncx1QRgl1xJi_4qysdRGBxmMeF8zRXelztL457ZNAVC-L6WeD9Y-HTGBfZ36WnEW2z-ny2lIcDK9vYytXNPy2ZAc-LxAoCELVeUsWDzQpqwoMuLgXwERLwYCtn4lb6keR4BnbcvCeksNJqa54q0Dp5lWPMCbY61-w84=w1024-h683-no', 7);
INSERT INTO eignir_Eignmynd (mynd, eign_id) VALUES ('https://lh3.googleusercontent.com/wxMPa1JBdF2qY1eFfnzi4O9BWTSFW9mOzFLytUzCRsJgbWHbeezPDSoTO1vtXRZL-llmKgvbELXwzCUxOwLYzHwUQFIJCjwvOIyxEbz7QPWU8rEJiGzOaECp0Eut9vhTyLYZHPLOJ8iZM_IyYo1sxlYXqEdN8QWso0WuHayIzESxQbChXfLSRtcC_AXhoM_GpUsW8kp8fi_P4OGkcH1kYi6biAQJcc1I8prU508eMlflxdrXPSFPJqoMhswvTnnv1R1HEwoPhJ9pdJGr6kYvCK8pAHMMnY0F0pehTB19o-3u11AHTBCgICZONnWbNYXvCxLNTcQXazZ0oVSLo_CaUSmY8knq5anDaprBvOBH6hkaxJbVJrRwrRSas-qY3p6o33ygFpoOmPfK9fcdEoJqRRqczcuvgWcXNaso2aWD1JOLPEQ6ki901K92yZHQ1UJpBCDyDSN4TBw9Jjv2ayxEm_zIhKtxg-YSuYxXQmLCq_cxqQYvhgCaWkrtworYIMuBaeBMFc1D_ULS3Jsy7FwuFMv00g56lU22ofn-_qjc3XOxH0rP97fxle6PRUpzlpwyN7Tv2J3BJJM5UjG0sXJs3OEOUPIxk91LqQWMiNq97zXqdDUFlAuA9d5zSuGiSvN-XuxAubIss2KkKJkhX73GJmdj2xmQIkQ=w1024-h683-no', 7);
INSERT INTO eignir_Eignmynd (mynd, eign_id) VALUES ('https://lh3.googleusercontent.com/uPzfiSBUXSExJ4-Enwk8z_xORL-2_Sm9E-KUgvXyc8Okz4FOYTPEgSiBaglzsou__Pvc8IS6uN60LCz_d5IBGT9JwsrepHHVn0J0noeeHGrhM8NRwg-8lT44RwvB_YxNyPja__RmGaAcroLT0hfFOeMpkxqIzYtShW664Z1zPe2uL_CwMGrG9HYCu21P7yK7YqA8fmEEHkJ-yT5eSKpwofhsMEuiNvIHERPuvkUbpdvWjHyPRMf1ABpXr8SjS7Eqy8CKE5MadyrCOG1gq-EcdBibnVAJ3wr2Y2mMTfDLkjHyfySsehHCkwXbJd36fdCmTR4ZC37GsUWSXD97aEntX_26UAgOrkIe6pidvDt4ung3dr1w_4RNW_lQ_c0ckjkwjt2mATjIrtey_qi1fnYQ9rL3IbVy1eUAqQaDG-W_8E-jKBtGY1IDnpIN09z6PPAmDxNSZTJDgBEEzq1AMPJ_1kQ3V1AGt6QKpK_VIhr2Sxx8Wu8_PJsqQTemZhLhuU_IoyzaLulI74_ygpOP4bnb83CTCLyYptsRfUFW1UnH9rYlCF5A5xN97JE_-d9562X4yIpmzr5VyCX1af0_4P-LGhk6P8wkgntM67S_Kk77cgKPRvH9lYuv0kn17RLIf0_fMVid26p-k0UWX_FXqnddHxt-sHtsFbE=w1024-h683-no', 7);
INSERT INTO eignir_Eignmynd (mynd, eign_id) VALUES ('https://lh3.googleusercontent.com/hGCt_N_p_QC7G2BDPbhnJN_tZ-0ZEphh86zXWQUGH7e7C7bzVvIVkY29y5CAwyfaE72W0ClMSM8yYq4K9Qllbx-W39Pn_YUP_tP7h7cS675bQ3eUortq1PToCf24urCsQq0FjSamw2wod6AdD2Fmxulf1nJDZQ5Ht082xhh3NvmrYkOZ_XmNXqPj6ia2qXhwY0yFJ1A9G7K7cXWoq_jk6RZyu12JOO1MzzsUkvea6LCIFUCGcKTr8lyzXJtOGCii9zuSAAqgQXagHrsNEE_Q5NTWFF2viJ4sFMlsgHfGgSKI4K8LfVMKqqu9yzQ5uc4AeYUn-Efc4SmsfVSxD9iU2kfeglpZILVGrkBYhmf-M4FIlqPrV0sDyiuZpTHEJ61wAxMdyfvLpoqjngr681XlZzwe5jtm98lcx9so-1qvsbNOe1aCQYdvShdvbPmh3QzNgwihJQX8Uc89vDHRuR9K-0oYnafMV8bYYRs-f7B_379BS4Q9a96iCVRn6RWBCsXmI9LIhHKdbAt-nhbaXabuWAkmNreg-VWqf3igzRsXbiUAc47v9xUSshUYI0EMhFruWJFQofBXToCf2bPLH5Gg_JVjrdMSempveV1LFo7T9aR231BqySIHtqhwa-BNn-2PeIREJJPdsABDL-gAGYQ2FT8V0VlDtQ0=w1024-h683-no', 8);
INSERT INTO eignir_Eignmynd (mynd, eign_id) VALUES ('https://lh3.googleusercontent.com/DhKNgwtHXUJpLTDP6P2vXM_wKnnsdMN_hcGp_hhFc2RMYfRtZknO9LvatXRKwpg1Hak0dtNbFqAXsB03nzkvGWIdjLwWuN3scWCG2Cw5QplviY2mauGU8bpvTutLiMg48wq9s0WGUzfl05BOeqUsuFGVj3g4SUgaKdm2NAWHDGCO267FxciEmzC0kdz3H0O8NpP7FD1hdZt_FHzNNDzIi5wHvcji5XpyybWe3veiYgrJkohhGKxFTsK8nWLdx6mgjSJ8oQGP-43eqP0poBChlS50PFnqksLGDLD3H9_IgeAhDgaWNdW5U3ZVpZsKGpdLbgVNhiJb3Vco8GuyniGv1os48dafk5VVsNz-hxQ4vlWEy2O_oNvTl5j-eZwVvhUTcwcfwYMFgq4OXmG2Su6NRqaBogPSAnW35-UFu7QLP58cVxXGXyeucBtRiawyIp1x6KBxWubjIHQP-qJrBIcwqHd8CwXJqHBX8wPYgahPmK2e3TFPw4udZR6dAGG8ey-u98OFRo3E1yim3SJbkS5MwbCKQE2JpcXNAmFbG7XyajhrfDI6JcTrFJnXSWPIfSIv_k5AxUoe0rrSfYMoi-FAqf7D_av0L4DfWJem9mDUIuUYaw4-_obVIgO5xxDWpxIkrGV-QUUurJtg0cN_ppDj-nwio4AJQkI=w1024-h683-no', 8);
INSERT INTO eignir_Eignmynd (mynd, eign_id) VALUES ('https://lh3.googleusercontent.com/zcT1rOQV5ADRAYr7K-NZqKFDNvUw3EbyOseCvYnO2QaE2dwwBKbHLYkWRefnE0YQz3ZNYcR2wUf2AvyVBr1UnClOPgr9GrDqAs4EPNMfM5TYh5xfKpKNm7znK3TR14wRSkJmgzFG2jLT0MZp0qH3VDyXCDPO8ELzFivl48HgWOOXhT7nTiLH7rwcaGJWGq_w47nW1Fob63Z3awNRcrzilYNIlCqCq7oWl6y3BfUjoPSNaQZwKb_wx9f0GAXaLFgge3fRvifIgOv5XAxgfbWnpuQ_Asftrh4bzdNND5RTitsxWausYtg1m4hxqalv-JSp6vY-MTnLhCrgZtzckXtanHOhmISUVCKJCVDSzhCDjtSC0WTCIYuxjF5Oy6AyMor3rsBJj1AgtzAJVMr9l1_1_9trhZk45MYpORQl8IMD20dRoO4wbNxpj5ioiWAXKedp1l7Jc-PzVeGjgZgrIcEI-tE5meiOr4LgnRq2wkA6EgbgI43hVteDNsWwWICBITtOWW6kgoO_huCedqt0-2i2Sju4Cdl-QJR7KS9afpD7Fxug2PFsOisy48kjGpX8l8mBNQOSvbZKeg_77Nwnj32kEtHg_f_YFmqakBwsQbMpGt6DE5l_afPDD4N5NnBiuYzy6BssU-m-l67WzBHSyLQR92CGPAJIu9k=w1024-h683-no', 8);
INSERT INTO eignir_Eignmynd (mynd, eign_id) VALUES ('https://lh3.googleusercontent.com/4M38rEEcv1H4A3eItIGw_-jYp2Cz0kaxDonXGmtUJfjAKGh30qIous974FL-0wqqj12USyaF1RXoCJ_mpgAtZJjOeFLPLEoWZqgJiz59P_gdBzM5pzcZQ1llghxiZS1XrSCjHellWZrHpp2CGC1NiWOt05Vu29OH90dCUxgLAyLLmw9lp9_HrcO0BA1GSGnUgYb1V40JJec-d1fwbmDYiDMsukdNXcq4T29SCIB1aiCEJhZ_YtWqjueDSGG6khdiwVsfihmAayXO9hE6V1FVPYrbZx2AzoqWJ6zIXI28w02qPHv9QrdADm7xjLNYJoOpzCdiz8hKpapiMZr4ofMPXckVJtfCvNNFOfCEjqUz54VHaOAN9_uwrqF9n6KcP4y4Kp5HkdliOxk6yV3fsIcSQlvjpYaS1P0czBxhzGed42_EWmrvE5w1BcNaQqJXQlpzKvotjbSWWcI5OsWGC3m20ASM_g206u9we2rUdA3RRxNudwI3Aog8mnoivGz56wGcc_TR1u3CAYIgVur5bzty-9_S6fmxFE6NlVfBPVNfexmBsI5dDTQRvdJbhaMqYZGfpEVVfHpglkLeKI6apeBqshnBt-CMLpOcmt6fTQBy8RRI82xmDZvGBswYTNltRRUFnuaanTgscbnl8tc9JhdolIYMEtTDCys=w1024-h683-no', 8);
INSERT INTO eignir_Eignmynd (mynd, eign_id) VALUES ('https://lh3.googleusercontent.com/bqWOVRHYH8D09yzdfER3BizOjQZAZdvdxIEWm27oIgEYEVmb7qkbcHKUKC4V5jVL-jzD73tFLL6j54QB5xminF1ov46tGe0tFt9sdmHRcyA7qtK1-wWcpBjZQShvWs4AzMQZu3J01Ik8QAb3NjojQKY821k35lKzYLLhLM0hqHdtSRLWPtIlm1zWmUi80RCrojtYmbJqPFAHayPmXt1mSzN6pjUXVhPGo0FojocaskQcyCwXtyR5I-80TzNm3u_dUpytj3uDZDRW6LxdjEf0Bui4piEGo3ZnBSOC4RlLy4o3SWLb0IR1bwiB1NPIfy-ylaUeodD-1PY5NsNp8u6SycdhI4zZsEepCkZohkLhe2Fn7S-O-KwdjVFJWo9fuSpu4hR34CYXE3wBR9TyokyE7IIeQoADFRit0xcZ_q6Ku8OkZjDSeFVUrtE_D70lEo84VT1uhgQ8qGnE7-BT0nB8dLIX1Kzlyx3XRImkROMpFoagYC5BwyRGd7FI4wZOZnAAEHUOfykH3HsnFuosAoQLK284P1yQQX93LWmkC9nWWlcm7QfGEHHl-lOkWlDeVfI-OmraK0L4YpWtgDBdanRonU3LHKICkPuJd5AG8QbRgtm1f1xbl-sL-IfpiG3L4U972v84V8vR5NzEpAqKMbPswpMOJXiT1fw=w1024-h683-no', 8);
INSERT INTO eignir_Eignmynd (mynd, eign_id) VALUES ('https://lh3.googleusercontent.com/CrA0kl8g-D5e28xy2hiEwRR5YVkWczzb85OzZvWso2hJxEHEYMOOEyGNGYzTUbFZyiG8e7zmQvth2Mv8IJBgyzz_OQ6qc3fBvnKFbC6o9AesY0LxxJCt-1WISB4CaCB5jCzbO--haEJsxpjwfV9JWhKqko_gkyFxgNc9NlHvXq9RH75dMG2DvEepwjamRAuvLG-4HkxT1djwoTos8z37rcLRhkAsSKFPJRn8F1GeRX5yCXdcYLeiAKy4ju6Nv8qTBqfebdaltF0OrKDrRn56WqUWgO27OtwRLkbSVwCq9Kw3OnUs6_1Orb3gUROezpRqhcR1zzyKU-EQsL8C1IVsAJVsoCoRER1PgIPLRZ-6uRz2KNiMBZ4Iqcl6o0pxpzZKKgFfuZevtuoXo0DhxfRUlkwQsmP9aadqS400Ynns0NjpZTuleJmtPStR37CUY_d8Wdw3D7w7LXxeaIXmxF5y5c1-g7NzFS-ZDEJ1HsajjVOJAl_wbeueQqlMQhphj6DwxmGUEMWRKFGX2xFKhujUN0mLP9cq8uZ3811DS-1xEF3c-4G1mXON9iqMhdcsALpE6Vq_i3bKXor4r_kNz6WwDvsgWpZErBSW7WBUAFg2xzZLBE5e1G4tbVmSrzqgsVOm588glOSD7Pdf0yI4pX1REC2QqG4FzIA=w1024-h683-no', 8);
INSERT INTO eignir_Eignmynd (mynd, eign_id) VALUES ('https://lh3.googleusercontent.com/T8oL7vVQqtin8A7OShuiUd2EYrrzCIYfbNPgzgEWIw3-ZKQQjUZndE7Vs-IGqjrutqBUReQNqteLvfYUYjjBfIeRHIorgpjjmJWfD79Bhjxh0D9RtCca5oD-bZrSEYc3B_f8WxuFxiL7H-tMc0LjO6EixlTkhZYtwXuTbHLhFlA8wi9iFqEXxh27TsjmbuFZOtCZsa_7wUTgEGc0gKZ5GzXAuossfElTvEUXm_ZVtlZuB32Bq6jwyI0Mxfat1naAlo2W9ATfXZAQnBAH1-cfmpVNgo4n4zIXQG0IdgnFWuvHLdJXxXbo_TuEgJPWMj4MK2-pgcC52QsEXKV6CImMrYrlYDtAZ2yJgOk7rWXATpKNBpG16763V9ENNkRxz-lQgTIO0gFPMk1wOPLyAOqNdFe4F2EkI3HHDX2SDICqyJZaM2VGvtA46PNR_Rc2C-oRjC-s1PBKL_Q1NbQPoZHX_mgom_0HtUBT_ZLK5d-7BemGHsIRjcyrs_-guaRVbhilVRsuQ1TE1YSsGK8yLMSo6uDv7asxy2zyxj15ek2siGou-YcCFUiaeIJKckliL9sVrDNdcnydIJdXHnHoiSU0A9IbSKV7SdrZOdwg7m664Vn-rnwojox6BjQCtTtDh2RaO1gBOYSsU1adtDB1gO8sBwEjHrB8FTg=w1024-h683-no', 8);
INSERT INTO eignir_Eignmynd (mynd, eign_id) VALUES ('https://lh3.googleusercontent.com/D2fikUcJAmrv2HKaR6pq43dVhwTO5vHuA2qH0ph_Q7Kenl9ThOA1yOIPCjKhGjWvX39DT5bPH6qorZL9fBWaoN0S35GNtaLyI8tibxPRvQTUKl72EM3s_azy28Fg2GGZ9d9B1Fv3XWJAWY3SludpPDXFE7NNqEPBZMJv9le8YFYReuF61PhPrl3dTzYUXriuAzvBb0f3wsbpAxSErE8I6MaPR10I30lgPM6pj9Wm7QDx0jmi-e7dT-pcTh77rZLXfzP875RYVXocRejlArAz3WFD_INIOSM8AMaU0RS4rBpl63b4fcT5QmlTjcZvaas0lfvmsXs8tFE9A8sDC_HXUqiESwlrJceNLmUfi0FKBNpW9D3wsLxVUrOAPioSNR5RWuP7uP9R9FIXZiG6QX21nU45Vrd6s36xcsVJq1qzf64WAMMEj6FX-2Joj-pG9_osTYlQ5YAUYbT2oQWEiLtT5jvlC30BDUMdQ-fAGd6fAv8rTPZScAWKq4OC5K1q21PrI6sl1lZo12iNHPfmDMvBpLWfZe9ZaY5lBorDB-HZp1i93ubZr-FiBvTMgzDY4f_NSPE9_-qCbiA13cp1jx0aALObnFKwhp9XlHh2AVtpmzUsVF13wFfIrR21sNkAkX2Ja8MlVr8ULZ_YQibQOr3pPDMYPbO3C0k=w1024-h683-no', 8);
INSERT INTO eignir_Eignmynd (mynd, eign_id) VALUES ('https://lh3.googleusercontent.com/CmNZ6xO2_ug-gnsh4ndB5bi1N1Bln1LuZ7lai2ghfB1abMS9qHDGn7XWetqdHv6LtOQLHInLoE6RPFSmZsrW7edG6luO6gvMXOAyET7tAZ0qvcSOrL4Vv-_tNhKuOdEsZdqloizQHdakennkQqyFLCSLdt4hLjLAZKoOeS8qYiICJwe2dOnySBr-IGuWIeoG7b6UVloxVj26o6zlDUB2IXIPRNQKw32FovjkiwCZMJZWuNRHW1DQSBsVJndaRt2D_JKEIqj-TogNPF4aiN3HiHJha7LMGrs20FzeDWOmcROQXmHLPzk2JXGDAQJJKkdWYqzPmLfOiOHztinb0jcP5g7fI-kA81pFiw3guWEPPFs1mJnWGUGcDZZ5cTHl58cKwqC1sZCbriui0Onkv8YqWZXmfVCY_dVNpKUBYa5YZ1Ao82Ue9yjDsplVfHp8-z7W9hJ3aPab7ruFEtQI9mJGl2Bg_cvMNIGpgYxBXdIKQNIfcrQ4xZN0quzA2AV7GEjZC8HlzkkwS3yBKGTswinFoyvJYpGVx7CzVMRZo-d9KWvlMZfkrqJgWU2NyhzGO1o1wvfIlsRJvQn0O9C-2VsXqvQkaNH3StRCpEw2-PZlOEIDTdpH8cybot0c3OxoqU3ivnWHBkChcidvTygAxpnC4ROC00HCLIM=w1024-h683-no', 8);
INSERT INTO eignir_Eignmynd (mynd, eign_id) VALUES ('https://lh3.googleusercontent.com/aQsG3uq6TE8NwJQYLBnsKL1p5CMaLRu3MayzOJkuu4t1fRdlsATrfSpCuMKSTQrPZ77Q8NQMPIdFmhThFk-rooXxepoktBlsv1XjdEQyigAdI3pliEkFgnIoo2C2hS17_pzrZ6FToVa-8nhcXqAhbHaxbSeBpJXbJIc6K5g1pUu-5uu65axo6xxC0qUygQyZ9dm9pkw6bZj6O3Y4XljpDVf0H2Y9PDAQ9g2tJ8EUxME4QrsVtxX-eVQnWCrw0d9RtZ2gM-1X_fKtXqOH22gBrgZ8cKcdZgrcN8ZRauRwQAcj2r4s8JWIlfeZ8EZneb-3b1hWEHvUUczlPsoqRnduBk3LjIgUr3T8_EDl32KuFISYUs7SIeX6RI5b3FN1b22AwuAP3Wuh3NxwLTqAdo569YLX2kWLMIzkHpUEAEsahZytQ3ezJqU1p9oDXk_6j9ADoCwyrleVoohFoU7x2wtBx3oDCrhkFh8rgFOrrvU0N2roEAOummAEDKE0Z73dmRN4jrBvTKSXZQjsvG8XV6GjF-AeTe1u8E6WbH37SKYcHuLSJhtfFT4Ham8pRLNhtgoiaDTs2ASClEFgNw7w_7L8aS--7ERifhTIXpv5lZaiYY3FcUjY1ppu8FWnziB_P0rtad3gSo2M_llBtaEL-5Yr9cZnVogG6eU=w1024-h683-no', 8);
INSERT INTO eignir_Eignmynd (mynd, eign_id) VALUES ('https://lh3.googleusercontent.com/tcUHuPzae1kC2dt0BHjeGzBAuTku_TJV_6iWcO1yE4HuUPDbP5xky5HlDEOaj2NQw_G9fJoUMRIuCg-guloeAGnWTumiAL9dv4njMtvL3SVngG6jdGUytbohBZ0S8qi-DSeMKb9FNRPyI3WqY9AlY6pMNNAv8v7e-KYhd-NvO1J9s06pgzHfnEgIg1kMpiQhTY6ZgLM5vBinRYL2VF9f0994tScDUTgTQLLFryi25ccZuWv3hXV9O-wz4fkBU4fjls0_iF2AiIhIJtJG20ErKS10dli8YKf1cmOQIr2I1x2_LIu2Uxgw_QUHQeY_1spRjrr85df0qZeZ1qPtT8GQQxDRPSAmKo_6Unj1TJsREqTOIpjDbXmalpMup-SX_ugX4BRr0pJgHRODtZpgi-wZGl0wIlt65x7YlOYSmkfF8hSVCXvhaIstXWUwG3Y-NVS1YuGHEL-ME61SOJtH08g6_Ds3MJcq0uzS7x6OExYvxRc8bLd_wq9Z4f0IOIhQeDpjoRogxeMsHeDMsJBf4HU_GFCEoYfZ7QAX_Fhux6lQ-Pico_0IxJNtLjZMnmdq2HuNd9JnPdLGR3JI2e6PRMe4o0R1G0A-VzmjOoGSk43QaA_tHSC9RezBejy9G0Cl-7R9YcXeAzLQJiTS_Mo39cHXfelKDkB2w2k=w1024-h683-no', 8);
INSERT INTO eignir_Eignmynd (mynd, eign_id) VALUES ('https://lh3.googleusercontent.com/gxaVvgq6WzaiwDpJc7cQh9Ib264LC1vNnjGCiWiX6DzBU4YrctSWl_vUGK7LO749chkSZj7INV57bC7kAqvAVGgdngiaRroLTb2kljOs-sf0xZ4d1nwsgaV_O_kW9caZmzxx8JU8e0rbcjALWDtPdj5UkwaxGF3Lhq1au7YjjUt-2Gt7WsjZzygJxufMJNjxRFLSWeN_khJI1AaZ8yWMqRhXpUhXnfOCHbubMictAHTAUcQEFKvPNMNKXwQhxt6TFooWvQaGA_WaN38AiWrTU9jbS5Jo0XoeCLTndm1noX_WuOxi9CvF1dJ349xk_bk4IrdHx9OOmCCBmil8ajTRi2NBfq4Kjsdj56n3TL3V0Mt6GK82hBeFknne2ByVhwZGlj_mJDhj7_IlB-6i_3bBQ-10h7S5v985gFKxGoe9uzH72leIrx8DDpe478yArLjZA8lahuuPwzeWZ3rErKBkeFIsklIA7YVJnCIszDZ6JwKwsICK1irFnIN8uaTWxU6AzoI89a8NyTyss4nHw72D0K310Az5r_47_KHOdxRk5TLvbeU4BzQ4BNtn5NzBRh1Ffw3OFJ_qVqDakKDLwDoS1Kj7zZwqRP7b8cFf7d7wzq1n_5a39oljIaYhiWOSK5ZlaUSToBxcF64XaYIGlr0v1LX_TJ-EPPU=w1024-h683-no', 8);
INSERT INTO eignir_Eignmynd (mynd, eign_id) VALUES ('https://lh3.googleusercontent.com/27SV1CMmezJRlUzfcbbSG6zSud_afNGvzi5XxAsEEA2vtgHohKBorTDLcQTB9bVxm8XBdXH7u8Cl7VJiJeKsrixHBK4lB402WyJRkFmRLK8VnsCr40948eADOS4MqEhqhyKNSix3gFCi2RURqCcVhMO_EFk_hH4ltJKNmGqq6rDmmuMzxnzHDTxjrybQ0Hq3M2mZAWonVrLaM2W0vtDZQi50ZtkVCShxlcUrEZ8P918r9oNYefJ_jyzTMlqMXJNf038pRfLcoT_xVg28sjySbFlodQG8gQ1j7FQ8QC-C9wRnQ2w9uCqrj5oGA---FRFmrCoEuWTTKoiQQ7F6RBK7BFxKdGzYl5ZpthE7YK9YnSDqQOL0kUUo-fvWCZ_qBbpvCVozwmUC367vMbp1u_RkhcAtMVbPrF8L5QQ7cEnVGgGk6c3YfgrYCF143r1nXkNu2gWW2_Aye8vmTXDaIS7x9_tUL6ST4A5pwgjGtmWk3nI_YBNROlrTf71LtIOeF-2QFw9BiKZUxpN4wRDOD1ruVaX4up-P8LKSK-2cOCDBJnEq3wg-9XHH7E4R8yOsqpywbUbAiv1wjvQKi0qyv2xT7O1QDXKKhOAB4wOaCGf2MUhWD1CKt27L529kPPL0UTX87CJ_5KtV5g6jrGD_NEF_K_fcr4mQkE0=w1024-h683-no', 9);
INSERT INTO eignir_Eignmynd (mynd, eign_id) VALUES ('https://lh3.googleusercontent.com/pUGSKmOemMS1ryoeYerUbL7EL89OMVvUV7DR2o1q53275inH6XB4x6c2bwiaUpXuVOdCA6v0cWquLXeopI7ZVWgNeZWena81JnpzGo3ssf4LNmynCbPmgAAXnKQUlCdtEE2YutHVEJ9q4QxUwybMoraHQkNqRhQEoshO9dRQ-CYnPevi7dlpxBGV3JTS-CscX6saNl9dZfK3Z0LTHW4MtRDMvnOWrr2R3G0HPpVK8nq4-Jj8zK1tNNsCTK4YUkEkru0EsK5Ph0LTqCZu2hXXz008Fm-bI6Od-NvGplsB8Sd-sZAkweUcb5Gqq_NP0ZHmLRPBGMng1c80YozkLIjY8CcqQbaudA5cNm52UCp4nyW3TfaUjKlST-Qv1pO3OshYTI7B9k6Tu-G9Qdc4iIhDSaDRsXAjSHWQBxDrfAXSqxmYQ8WUTsarQA6KAnph6zwh_eND1ypKtlSmt_alDcRa_uIyz0gNqpy5dwpdVV63We7vARW3U0P9EtzZTEr1DlKLwn8Ln7IpmWA5Lc6y15gofLxngOqP_4NbfJL9Sj11kiMjro5aYYr7xc7z47977ftJqfA6d7XsuMshZ0AKhiHacNyT9OWMGIo11nR9TcTlfBksCjggfy9rLFUBmRwXnJKV9Le7Qa6y1hoauMv-VQygsGITiUX6z4I=w1024-h683-no', 9);
INSERT INTO eignir_Eignmynd (mynd, eign_id) VALUES ('https://lh3.googleusercontent.com/BPwCukwRGEN5b-GhtS8pXKqkD36LBJMcIbkDKT3rkpoUBAB1y4x9GSHEtC7KbPOJodRNcRGL7jSI2UgukbFdMCmiOvJ7ihz8rtMUjOKUikKU9_B72l0givuFQ13DgL7svRLpR4EgblyiUw_L306VboRXGgY_GQ0lZSM3aWAsa2cc-xtzg84bFNqD1CrqURCsWDgde9UCWner5CqPlvaHy_MTTM6Ayb4O8zxLXNsq4vdyr5Vuwci-oEDVV4K0okZF4QxwRmXiXc78o3eyGCVvmtgOviCf6MCsSIoAK38HOb7DfoqME8P8nN5fgKqR6SUdJJd7C1arY40X5ZuBEZL9p1kp33cMNHfyMnT4VmQY2ksgnpCjW2I2vsqQCsTAIvX1hOsBt2QC_wca_0dxIeiwcmOZDFzBHJLvRaUhGdex7ZUTFedSkvv3ScirBUJ96ZELObo1BfDe1i5ZQjvS25yb-Q-s1Md_hJR6SN8R1qAowSGBvmi-Q-eTQwVj5nEvX37BHT6j5p_FyedhhbBxryZ9BWJaMe41zaIbR6P15MracnFyGwcjO2lvSpdcI78pvg_ONnwcKCmYZcHwac8bS1jSafgvoHQeb5oONceXNu_M8Aj5OEzyq73_fRPr-nd47ekZ5-00SrbRpsGkuBzGkTrnVQ3xzdXzJOM=w1024-h683-no', 9);
INSERT INTO eignir_Eignmynd (mynd, eign_id) VALUES ('https://lh3.googleusercontent.com/cMBr53cxJvbcZZ3JdWPhRgh6Ri09xKcC6WG0WTI4UNOyG15o_UHQUi6tpDh0mPHR_jnUAx1ImQKosaC0ePn8_jcx2_2mF1JvKV9W7pkcgh6rsYxLQUNL5deVW5KIyXegZS72psLdJBnNdVk_Gm1SnhoZbgDN0TJBqDpVVkRZA6MimIeK0poww2l6USKu5e8Pt-0_bmNXheCABiu8TuDv4hsRCG6EHA2NFfw6rZQ89S3p_wbUO6pzdENNE_wl9D90UfOQczT-P79Rv0pUSIVzzjo7Ft0N9oMQjeT_B43_T9NLO90hmZ2ASP3UdDQk1nb2dIOBXHXpocn4fjK6A5sDDwdjYFMTExEc05XwErEhP11q9eGpWz1U7KopsHQ0XfXuCzu1BAdGfIr8T4BZSWv3_TgbSBH1_QhBXkUreP4EhMRSHqRFAFCTB9DD2QwFPbzEHkaKNpxvrhfLrLYStbTu5N8M_9bWm9IKJWrfJ1pdDzWxDbH8mKw7U-p4gxN8wNRdP-rD_LFCJeUgbB32kRLZW0lB7V09whSMUOFY1T2Xbe3QHnp8w1dWXnxOiBfDl0sKANAkAqoLRyXtPEuTnFccLRtig0DrMhaR0NA1o-adXU4qd3iNcIqDtsUzxkuZaHWShJ_ZXzkg1MxbL1NgVp4JBJuJnaSg4Xg=w1024-h683-no', 9);
INSERT INTO eignir_Eignmynd (mynd, eign_id) VALUES ('https://lh3.googleusercontent.com/oUYDQCeHZHAtMsF5h3zCqmk_llN5wivpyYZnrUSRIzf5Xe9o5eXrJcYvyZSqnjypikTTraDPT3eNzyDODhO6II9b4p0q4Ez9WXcv17rzPZHUJeRky_0yeliQYlBVBeknALdCAk_IjsBRbin96RCV3BwF8KT0h5y5V9pdZsoOmsrmMgJ4O4pCzhHWKteTP8KYswwvMpPnuvQowc9DcOpl4fUJYgVaJ06oY_mv3XNnPB1qREbuvvB9ZTszutzDSEci_NYpRwbT2Nuzr4hzOZ7MWFZjiT7V6tFvlaohYjbDC3XHjAcTidaVFMlojn29mIcA9xCBj2CRYgLlIAzmjcsc642v8hXrcGO-h-mLCPQzEcG0CTWD8TONkHB_uf21J4cVWRhf46ISUb5IeIm8AFJ9NFRvr92GMvaov3W-9JfXu5Qn55zl_pZVDBWCxEH57VTcBmZsWAtnup-vuMdnRW6BV1eUlj1nKML94qozbIBiJy1YQBpw5XHPYWQRu1gveZgDDcInzPA7iwkjnpkjphGlP2Uwxb0VNJG6oq2GB4IFESpg0SJNxOxbnao8KP2dvHHUY86aMPLYgkCFrd_LKJseRGoUKSdIJdct13NIX22yOCJOttvhJGM6Pym901WC8HuNrbqRJm72UlaUOBMN3SAGaqYaap4iiv0=w1024-h683-no', 9);
INSERT INTO eignir_Eignmynd (mynd, eign_id) VALUES ('https://lh3.googleusercontent.com/d-4xTBd5MaGxsZ8DSkCPOSLxDCnbjU8uwHd4XKwCD_LLzglFsQpMp7tpFCHyRGwlG0wcyzynJQsnXcOgAYImNgKZZNnbKOqNYn8FwH_b8g6800nCHQjH_tltTsolzx8ywlxncE3z9Yq1yD0OVC3lczd7wgJRnrSO6lCTgy_ul3Qz7onHdXSuIX7e-3_E6-1Rkc3vkydoCz7zHYf5ji4pONirE171Av506FN7AY5F7B7uD8d-IbMuiIoY_54ZL8SABWnkPdikhEjIK8fUSE6QT42TBbT2MzV2uRcf4xGGPsO4t8gGSWEgNujwxUkFIEjjKWTxVM63ZgfBKTqGpnXl1x3fiIkpOWwlRzxmQoCY9P6zYQxJl5OKJTD4RL3HkRBzsN4Sjtef3OlBr5EOGsNXwimAwClx_6eVWaxRuhEWYdIMsBoZPU-qkVpQ2Tqa4TXNbuifiR1No-vJt9DwoW4qBtB-HtNYpw9sKZqAITxX4hJa60lpM5wwJQxpZGPKNemCuV37pUd3px44wl6zJ6TqEBFwYShdjZH4djFHuz48JQnSfEdeKH5PEUoahOb577BBUbPbDbNK2HyNBGYPHfxu97nOBRQ-UTXkAzZyuQ3DJkAyg8YwWFIlSoMMlwkB67v9DQs1v6jASeG2wC6eLeAdpl-F9gniGXU=w1024-h683-no', 9);
INSERT INTO eignir_Eignmynd (mynd, eign_id) VALUES ('https://lh3.googleusercontent.com/Mq9ijf_awb7HWkM4fMZQv3lzcPZz-NYaxV1c4bAk0RpDqhA9fo7ziud0k2BfBhNxUohTXuhWjMRiUFbLb1f_dIARNgjQkbdoPMwIUNHBy0TCjWlNXMCFJeMZCJcpOC2_Yufdm2SzI70Or6fBZil6M47TLbJnyBv-Co3ZXaWJnceqWp_VdphEbXxAotJsCSS33T9PI9Eqk8ep852CdVttFnhppCuOKs1px_-s6SqHe3oXOcHNxbnxC_n5vTXFEjBZ9ikZMA8CNj8ks7jVTh1X_19iuA7JpWtSO_fZb94NA_Wrfrjx9XkN1v004tpySjOPXKqGDPOD_apU_OzrTi-WKznBa-QpTXZoTNt6Otz4O4tacJ5XNyGin1lAaJppk4BRf-4PZGgX9iEdoYcURPvUOZUKXO_DR-MwbVIXfqT65goPg_cNoqzQxzGUbyswcBe9aFJkVhYnWwWmjzh5lPq4FX-7eHDUjjJEyeEkEt--e-lhn3BOGNnKwciVXkKSqE7Ir54QI6iBfCgjQzrcnITmp0E32fN8C2oWYuhbpeIMqZJ3Ow3Y24EOT3agi1fIx94e4ZL0jFeyUG9LSNgRZOxqf98kYzjxcLKc_ffnECFiY1eBPJEvlp65XvpKzikd-NJAYdcDOHcorFYidaX1SsbTsFPEgaGbh7s=w1024-h683-no', 9);
INSERT INTO eignir_Eignmynd (mynd, eign_id) VALUES ('https://lh3.googleusercontent.com/76nxtB7kPg8DE5gGj5csuxHHedZDaTv92HGSli8yOM6Hd3HYlKBUXVQZNbikX0o7tbsE0df5VqL8t5ME2OJU54Nqfq-EDskkh2sGa697dqRh6SvWQoQzJaAtcGvDorik8NO3vZkSdvTFBg2rLqcQSzq_GVPS4i4TAjL8qOOg2atwGRCiB19W6j6LT_ZE5dBtiszB_EjleQTugqhyfXrmY9MbZkbmiyZNs3uLZNMMmvs3Kc9dsqXXHWK06T1ceOinu6L_P9xZOZYXYEPLCzHHvaQ0ngeutqiVmjyBgfpzpYZt8WOjphB23I_7wOsoHWRIaib6w0ir0zvNC0Y0zOzvO5Hi584QxkqpAl3y5VNYg7rI34W6fedarzIDEul4L1nuOGi-kCCiK1f4ZLQ9YZvJtEZp-f9OY3Tc3P4y8WHgJtVvP_b7wXNK4EBMDkUX0yrd2yF8seuiQsuBJ54DYy3nvdrv2HASneEMlj5A91HZkT4iA79tSVA4CP3mDE0DQZ_7lQlGDVfCjmdDSYCFZSh4_oqh_sI1ThYOdBzdMC25l0WnpFEOJ1on_Ld4fT8XYB_1YXv7v3pOg712PaDCCmjfcoPU7mGLuDNcsFAD5RqOSOYfFM_9x9pp0BR11T2uobX51G990ywV8yAhr8YYNcp-USLlYmbL5R4=w1024-h683-no', 9);
INSERT INTO eignir_Eignmynd (mynd, eign_id) VALUES ('https://lh3.googleusercontent.com/y9TCaU_Rex4kk2t2Wv5Cij8zXEd7BgOedKqAq8YKCkiwkAE2YnX1Z6CjANQE-k3dEDvs90i4Z1wF-yeTZPAltJ1rOgkQ0etx_dzonemyYjmzs7_u6mTmNHozvfePmvMcbzBGvurTbhdum0_IfdSfeylye8QczK9alLsURatCE9DlV4aRDvIshEZRnXY48yk1Mr6swZoeYtJ5nuTdlcYncdVmqMrdcfGbnsu21OcOhCPZbF_twzCTNi0AbGGV560rQSyae_258lqHnmqbuCMGEPh8aNLXzHIC4SD3-cp0Kp98zCfUj6PRV1E-2VDxiSGHnt4bV4rzEkeVyrRQJCD-KN3acWMeFdhU3mx_T3vHlCxgDro4Z39k2Vn7MqNQ_bNJfeEcnBeBVWRcjz1IOYNpufskIhhmng3DwcCP3G1MitlvgyFYPoSghBlmK_bi20QjZFr7AwvmXRK_eAutkLABORdny0LNOdWHVc4Jakbqfvd7jOVos3AUJEr6DN5jBrn8_Mqmfab0GMi1gDkYwuNQ6aFKtBKpCWu97f1iiHxvQXb1Xch9vWsRb_CtrVGO9JBh03v3DWdMdwZrA5bLCnnwK6KpMZKk1P1SaQ7AWQQ-XQqTQppJEiTgjQpvskO6TIjvm_6dcFP5yIs2sWRXL6mv4ManeGgqyQY=w1024-h683-no', 9);
INSERT INTO eignir_Eignmynd (mynd, eign_id) VALUES ('https://lh3.googleusercontent.com/bxyKTLNXWtJdtaq0h7V7THujOBdH3GQlVKpxV8gQdb2Sc7IVHYxRMnaXTdj5ZWVdWCC_ckINdhph-x9mZcOOKeNTLZoH00lsNfiq58EzwX8N-kmE-2xI_uttJgsNfLRD5XtgXzBoUheBD9JJTebZe4EQDa9wUubx4Ts5fJTd8FJ4XBqk4F0Jl9Gz0Kk1vypRNYJLaQbYZxP1H9aa5wnljN-3MeAHMty36bWgQEcZ3huNXVUJQ1lgBc4FWwp3DumjOahF74AX6MdfOOwLqe71OSkv1Jkok8w14YbPQwu3SqFxRFfqeZYgl954dj1p79uKjM4ZWY70-NLj6akT0tChgEmUPvvDHtmUOpPXG2TSkXs__TL5oACnQtoH8SEp3kgvwwDYKkLBYX0xTgbYTsZPVfbH8Kyc1QpL0N4nlhByiklmueZBOf7J1bL_OjGUVQQn1AsHg0BZUoSyUfhEW34aLWLJN2gTtVbCmFK37Bvr--LRN6SxtMySF9q4YplcB6pqEvuKHD2G7LH3omVZ2acU_iHJmAveSm9BqEeRv8wx_LoRC85H68YluUZG5qUFq4cZqxwxpeTgUh9Sjf83OVLkssY1VFk-_zD84oZ6Y7iekOmz3qOltc1NRXjXVdZWgbmWSrFQHBVw0_MHgD6V2zTNcEiPXVZEPoM=w1024-h683-no', 9);
INSERT INTO eignir_Eignmynd (mynd, eign_id) VALUES ('https://lh3.googleusercontent.com/EoWgTHDdefIrsbLe388jB5NIFGde9bkmzb06P_MDNrmYmAvgspFxvLkw294rykXmdH5x8Pl_g6gRRB2wQ4KXUqLIJpCqwkm5hgT_3gd7ps3QuUGuu7gk6qiglS2qEEXE7zENSETZ-voZXRO7uJ0JsY92C5z1l2NOX8ZBttowZzmXZ5UwKAj2KFQGmZBX5B5KiJsKDZxwTE0Dsd5TbJQzd6V1D4Dtw50aZvfI75897przgL4PuXox1gl2lQyOE-kI1sd9w-jCdfHHFS-1pdjyiyRL2Og4_vqQnHaaP3afXa5ZZGaER9o3Xxy7j8EPQ9354vRb7_k-wFiOIJdKBj3yf5k9LrqdRWbk-Li4kzN3mTRt2MfSJppimR7niwEs5fA74FkFMJrG8oM76jwD-mi0euKMdFfxCyYUvgd5fvf3WB4zxKi6fZRShuBBQXpWQadiCjRcFuxiZ11A36lt8RaftvqlBod85sSKxuknNXKQHNghf3zWwS0s3ES2woWt_2CEX-ElVpBaT0h6b28MIKFnqY614JM-8sGKFkQGCkunlueTQM_eB48r0CHBZ9Ea3gM1gX2WRlf4AIzgBSosWACLfyRYClLpHnIKcEWHOaay46YMrXAO8kcHHdXI35ANCq19K1DsvrtBcf3rhD0vB5nCSaXQdARqVfQ=w1024-h683-no', 9);
INSERT INTO eignir_Eignmynd (mynd, eign_id) VALUES ('https://lh3.googleusercontent.com/YHD-Sa0o5VbESr8fdmYxg1WeCh1iG3M_BPkiHjeLj4y2rjshnAJKEtfdLCYXTQbZZSQVmiHz0niXm7yR01oP9IYGz5uRcwkNxHhbYLzdBwDS52AF1CUBOz7sM2WTKCsnkmOSr_qem0s5P56RPm-hzGbK6vlOI3yAu2L5ryTfM4rOIi6F8qhIQu2uFvQMbHtMP60JSRQx7vc--aBwe0ll-A3L02R2E3SF-URAiYVoiGpsU6UYhFREIk6Z0MRuMXRJSAkLU-Kr2GUVB7jchdxucjaYPfEviBOP8LHD8R-sSHhQZO-saPfT3ESZ-pG0JDwK7gsAjA7nZFp_QsXV0HTA5MWUAvZ_-ErWxTKc994LvixdVGDW_odnqd_TryWTcEept4P0zVz9U-IW9WXTntjiXNLgje2xxCY40F6s6DWthj-oEr9f9-VU91ssQtN0gGvkyVfoyvmublbrSPFhlqrUH9CdCGJ4tFpU8gZIQJ0vv2F11Dp0W4aXOAdUIPEnU5JVcpHWLyGPlEbRFA1NtsHcBCvXOoUNI-5ARWlAE-H_FZEUEDhwmRTnQ3dlIxG-jlRE4RSFb413-6ChDrpooahd3K7mRRoJsHpNSGV2z_-dmjvt1ner7z3bqpGbvT1G-WtHhXBqc4B_yVKqVkHSMEBRkvgR-fWQa6Y=w1024-h683-no', 9);
INSERT INTO eignir_Eignmynd (mynd, eign_id) VALUES ('https://lh3.googleusercontent.com/lh5328COZ56CUOYQqan-iyUykYePhko-BeCXaVgCAvDxRiv9RZBQs_UOsAqK2g89wViiTt8Pb1S3jXkI_4jtuvZvTs6F7yXVG9XJtMpIi-Lp46qn1lfz4F5lND_EsaCubLMCYvNgxIWQ4yx1xFse2lvtYUkGI_gS7tYPVbEdvHYvd0WjovexOj1fAdqN-crBBUjVNWxIQXxhgn_-Tox2mkXwgWtnBP-j1CVFjrcGrMF3sD5dGDIEBfmITVOh4OqttJXZCkcXQXsXzWGxJwCMAuMExRQm9mn2bSrCUasVAvbQnoYuBEX6ZCvgp9qbWQgDaT7KQ-BGKGi9rIySgsWibMGB-PIJmVZL0YMSkTB5IOIp-OFWF7NKlkMqkqxqhelfkwj9L5W5SRAgFUEpTcV7EVBhbwGGPh55OX0LxQ4suXDyL3ONcms1Gr2R_cF_i5yEsIGRMOxtopqCx2cadqOJxpJzRDEUkRYb9u09_UEsAAwgMYkH9OnHhRHN9U9udyTSMmcBFDw2llq2lcG8qfNj07FyLHryLp3OTKMCRPmf52oNxBjKNscTsFC2aDKY0N4vay6276fWMsdqEIAYi8D3K4s-ifWz3OA-rVLK9TVZq5zR6LMrz22w_kN3LTHbNJiHM3ScJDSx1pmhy4OpWVPtTBSx_vQfars=w1024-h683-no', 9);
INSERT INTO eignir_Eignmynd (mynd, eign_id) VALUES ('https://lh3.googleusercontent.com/LOGgtdGlCGwscsgSTMdD4ehT2xzQwDL4SGSjQJL8M8EyuXpmEMsQgwIZfL8Ge613bTlz-PQ26zJMXVq9GVSZYpLlPSEOO9iQsCstoXTJ4nXZuvYl0WXzte88F4TFRuoUnz3h2mQ1QUxNiVqeo12O6cPRy6eyrVitIrvMBW0evaMv979N13ILLAOqTGUzFDUbx-2mZd6b7nSC665AkCnPiu4-EYIb3m8nWZcHLBmk9l064VqFHzJU14OPUSHvKjKk54aa81t75JDKmHxcKyuEBgLT-IL9DdcYCytqhAP27lztPy3oJ2RmnjtYRji55DcP_IfBXm0VHA4BwZ2YZn7ln-DaCJ2Fi07-D_OW09erEXguw2XoTjSIAPNrtexZny3zoaVfhUbFLqT52I9Nffq7-XITUdNJm8NldmoZH0K2Y52jmpTqkT0bL5CGny2VJBKCUAmASqb6Klm7bN3iy9zmCJSdgT_pRUuKBl6SA8c5CIKNjK1DF6u3os8ZXZePAs-KGhfBZsxK4t6qtwo7BCIaZYabvhKBYU20ceg5LPkEYgIk1tiY5WWlCEqfICMAZCnNB0RY1_h1QPyDdytU5kmKlEYLJZI6J_40vUmzprRuKWiJ2cS0ncpZbjqSgu-EKCzc5FQlhorJVYF-bGJ9PQGhwJVgAAhYpls=w1024-h683-no', 9);
INSERT INTO eignir_Eignmynd (mynd, eign_id) VALUES ('https://lh3.googleusercontent.com/M-YjES7cV_hJZEXbuiGdpSu0E1fQNEVICEfO9Zg0uw6igtBWFiLTJyh5AH04FT9KisbA1qsX07efU6--kmKwEhIWDSPGbjoUBCJo4-RXc1YRGq60UqWKl8KCEVJ7U3u5gcXAo_4UGJG0uUA2OvyK4YWnVEdR1vLngGtE_wkI3Nlom_d45T0opZQhzb_xnXbfcBFL3xEWaNvl4zl_ktPTalbVB6rXQVj9AdSAhWxd7oIwtUrB-6Nu3mHcwEhfOJTPlwnxBmmB_UeeAr1ai3YxTrDnaeTvuvHjmTd0NSwE9qaetTy-k7HcKCZXpvoYPpCKQrnAp33DL0fSIeVyYSzBXRUoKdUUxS9WY3duwlkxKwqZMqfMGvDEnwO8Ax4h5Y-Ef6l-dm0jp8JdZgLvR3j-FKnxxvdx144edeYN0AZNLtuFUbu55eJu7GryAD0_LwHGkboJtCO2OnT9wwE6g93nWEC1fdwwsKjkwfoHneII-a538I0Ep9dOgW1pen5KHMdQPbScoxWDXjmRW5e8fjqakuIBn9i97t_coSDFKj6THCQb2I8brfQa2fvCiAQO2rxqlYD8qvIDOzzveesdnZ1Exqv-eALRt-iSu0Z8qjyh2P3y5vMDraQhUp5LfbVzCSsmuNsUuUI4EUD1JiidBx2H9oW5UHT0Y80=w1024-h683-no', 9);
INSERT INTO eignir_Eignmynd (mynd, eign_id) VALUES ('https://lh3.googleusercontent.com/ww7K4e5n4_PlzRf6t2w_iTWGeN7h_j20HFD9Egme8MSmpp9jVapoLYpANwYhW_tpG6lqNgac2bbUCNAEt-Kb8sxDila8RXTp_Qk6s4WkFbT666Lr4f-PUiY7riuf3Jvn75EUiMC9Xg7sL2vtZSXKTbq4NMT4q_UFleDZM_ChQUwDswD6SzdZ-tKtH2MuwavCwj3jE-Jb_NvaGhW4hO6Z50PCy5-sGKPrY6hr13-8PWVPvRSa58TrXz6VsIq1mqTDdt-8sQ9sB6Z-BOnKwenq1jwigNzPwlunR6NKoJLNXth5eumf84-00ZQVbxB3P2k53sCC3q7bTEf_OoSKJsLbZ75hNjnrxFMero6qLcW4rHcpb_5QCH01eYWh_0lrc6B0_rEKbuUJMBIx_1LlI4iN5CDBALeGK8fcAMm6sXuApIsYMCvcIWe9M6EdFPZ6bUyWwNYig4GCoaH0v4URw6uTj0lRr4HyjiQJxWRmoYGIeAgY0r-jd6g4PhsYGA2gU4xdQpe67K8a9Szya-Bv4Tsy3mlB-nd6MVDNZSfvUAPkiY6LRkH_EG4M3P13IuRF6PPkEvaA8Y9hbwrHZlZmeMCUySz6CZqac3vI6BrnlkiijkADWPcpcBp7YHl2mjil4bhQLo-WhK5HKOzviMEGhP-Iyx2Mpzapma4=w1024-h683-no', 9);
INSERT INTO eignir_Eignmynd (mynd, eign_id) VALUES ('https://lh3.googleusercontent.com/WvIdv4tjP9p6xaqJnooQ3My5ZfvZotM-Tbs1u9_VEuVqTW99XaONKOmT3LR5YhH8T3EG0ZgIiwwBQXAd91_38xTQdISpHA2JvlxEPAwIBy1-EcqA5-mxaK9pat5nC2H68jwNRmOFl93rYwWSPK55SXFB4Mnv6MuyU9ux-KfTjUaktVOqDrOItMAq74lsCn_FZQd7F6Q9ixSDmz99jle6qKwnHWwYUcv_TWB6opqx_M5iX2PXRaeLo7BC-l4yVjZ1KX3ux7TXp9WRM9OV3JkQNigE38XJsqRdHK0Cr-t7FhBdaNKczrRY4pqA23EHoGG5gnSFlE3hw3GE57r-9O3VT8uWvmkAm_fm6ZdOphNBdCQ1E4qR2d9ACTRbSkceuYNS2FJEo_hUZYphxrxkZqC4SpgvIPxCF2TfZsdgu-E6SvfadwUq4mJ5w2DJIf59_sLfBB4pEG2ytacxRZIml3TosjOnadRMaiCzb7omkCMJ9kWbAGZoA0DseJsCniU8a9PTt2t0-QnlgG5FIcOfFBq51cp1MX6-17mOirCOLCpCf1PT7MGHSN0PNpQdyEmTHYiiTwJ3jq_dj8wz3zKhctECE3FcCRPn9FDdiFBcNXXpHRERzOah6mqMChSSvHNddIMCaDdOQ3rBelbNTLCHKb1jVXRnzhFw5sc=w1024-h683-no', 9);
INSERT INTO eignir_Eignmynd (mynd, eign_id) VALUES ('https://lh3.googleusercontent.com/4sVhlqRjOcC1lo2pLYanYlbcW52LH73l3D-AQDrAfDt0HaTBBZ1RWWe_gAzsDWbshVCWGwlKT85oPbLT7nownWd-HJ7zWqkj7UjI1D7kIRaJZ56RdfRiju3LEN1CZAks2qfZmehQpR81sQwaSk_JYrJid6jxP2NVPrn2Wko2-eWjUztGQ93Kx3vmNYUxoSqrUh2PKl6qi5VgiELW4jFEtbR6gB2-nC7H_cHC30xNhtHtvfJKWxJpbaJV1v_sUmd8p2YqDkiVsMrpuKJUsw3CCRqlguuGvuF53kPul9yvPH9We1IsIZAw1YyLk3i9VN6mQxco3m9FslUfvEQ9dxoRoahUkOXGacvKn4jUEXxlp2iNOFDpRCem1sqvoXPt9NL0UcB8ZBxQtabzU-N5WuXNFlqzW4e9NkgXI6AjVOpuLDIAbNuIdKawBErcGzTZ6y0l2NkX0s-ULO9Fl_wh_7o7GH0kgnHMehNFZtmgn7ihELybtKNJvaVgw994SdVrhNzbFquB1NZ7mgqxI5URxHh1upZ4plaelM1Gdvs8mdenXbWBlglXFsz1gJKV28sdz_N5JW2mdOh_bh8Wxw6t3EM7UYYUQ4z-kp0blUNQX_rxaRL9OLyd7ehpvbPNtdUs9duPcoBDVjgIATnuq2UBzsCm4cv2AB04Vs8=w1024-h726-no', 9);
INSERT INTO eignir_Eignmynd (mynd, eign_id) VALUES ('https://lh3.googleusercontent.com/40EJhgS2CumPBXLBTvQST-XVj0WfSuwy0j5Gkry6lpvkhYI3-Vlcy0534m_q332huWkTs7jsx0b-MfCK7ImeFTpSGtIVUIK9XwskewqEJm0vGvYbvguZs-M_fd7VCdgK03UZwZcaNdeT8ZaDIwIwIP_9pM7k__6HlWP1ZAtKw1UpyeMFZT4_zwXP-GBh9fEpnfNYo7BuZV_827dGNJmeeZk9Ypis-Nucg_J_v-km9t07vvcADXOKFX2GGqEMFDd0oBfWl8KG3NtEzp9Bh7XCb8PXRCCeEsOne9Ung7iKzQb93IXIIz-O0FO-1hj00Wkj6fLNbz_AYSjsiwL7EsJ4rwK3GL5u7b9ViZEq0WffKe6HCRsakmqqdXfrIDwUW2XXeKrJcnfl5fVLjP6nG3BAC6t2sNXuWjm2-LL0i8KK3nec46Rw4v3CbTKVAkMG3Osbva4wTDETNbnrTOhV_x5o-5fal2NtaULFOt1PG-HBUKOXLvA2Yt10h2-3uqbNlhlIUBmRAO2eR9GEjZdNvNmtxEGysGyWr9p4DhrAF4tTSSz3UtShyvBIY66snpQTMAgag9Aw2gt8J3U6VVprIC05f9oC7TlyK5QHtsX-RcQo_pgZcYHz85Ir04FOv-37FcQS57RW7BtY4OlDyXtz-BVDtxsAoLunsm0=w1024-h683-no', 10);
INSERT INTO eignir_Eignmynd (mynd, eign_id) VALUES ('https://lh3.googleusercontent.com/9xBGjbHV7mWvJ4C2jAOQZyvTMWQt5WIOpcb1Zn87WstV9KdVGwUuvWjJjmfoRTSk2J18kofJFD35hNh1Kza_AJyvsx2z4EmSpJQ6mPXnoexg_GRYl_-LUyNeqSabkXNW4-9OFm4qVoPWHcg3jvDss8WXmK81hIREWbq1eZPh3XD-6GuKhGd7Gf6bxuA6bxmDd57PGaqf4Ul2J0cRB4BhlGsMX9y40ra6j6_ZawA44qaZ7bdaq0Xgq1laUML4Z9RYqsadG70R004Qm_oD6dDJhGxpf3Ek6-FJpQNiBQWxYBnLkjDwLKclUIlMIAU5IToQ2NFy0tkn4kVCEFG5L_KgbhRA4SAs8QRcujq9QACONG1_AOIGawvoNCYQ197Aa8rH4AgqzYQ0Yb2ME5CKAFXYtOJBiYZpOUe_9lmEWYoivwzeCVEWZ15xMQ4osIJclPuihqg3qgeshv75nNCGb8nQwIT3vj1OGDo35f-VlNkFBOjyNOkhJDJ_NRXN4hew8wJqafvK29mK4YDOS4WaZDF45ULS_CJqokBbfT0Ui1-m0Kso7dfkhVvYbf71GIxDqj3UniuvPtV-iBoxbcRIBD3WWzQHLQSr_4Qj2NBtgZJAxQdwfEHl8vv_W-Hg4lADZawg5Kw4cHwc2HwrZEkxm1CNvFbIM-kDfE0=w1024-h683-no', 10);
INSERT INTO eignir_Eignmynd (mynd, eign_id) VALUES ('https://lh3.googleusercontent.com/p_8ezk03zgvXTIcIYz-rzTcuw4cEruQuXNW0lbMuPRoGX8fc6Yq14eXGWSN5zsB_EkvyviMb-MpOrmyl0QoBCBATE9E97dqSyu6T_jj2OtXE0aG31j0GgqJvgL34wynJdHf5BGyT_aDctoIuwvYH2TCiQrGfr9G5dptseO73zsOa4UW-RoNzmTST3I90B80gNsf0CjJA0ApXhAL8e_2Y3arTHfXm_70F8GFc8ru8MRkqcvIXAX5ZbEZLjgemSYgcxDaP4dEivP52-Adl2glbFJjNZhpXOS-sil9XvRaaiataw7ljf8k2EBvZXCqx9IMQSRtTfNw-ebu9dwV-yGnYrLmvyw1_QhmFM33HllZR9uxC-b2kFST3366tq55t3ZBngY_3YakNW_HL9kV9XSUgW1HQzJUMzEJPIL9obH82SvravStvsDVFJKHl64hJLjMV_VDqDXxiXbIcBuPcRStO2i-_XtJ98Rl_O8OQOZZbDboISUkoiDQrNT0P-eiMBLOmJZWmzoVMIJh0uO7bLKWQg5q9fvJVQ4D07RdKmKTTBAMK0BzKaeOFcPviWejV0-VY7v0NsU4QmaE1yWwC3mpqNAeFWJCUvUySLWO7WDVUYqogBWA9heIfupVIb_0KtXBO7surR3sJV2bfp0o8J7tefV8MjJzgolg=w1024-h683-no', 10);
INSERT INTO eignir_Eignmynd (mynd, eign_id) VALUES ('https://lh3.googleusercontent.com/E4NZb8Rj6LN95Wt5WcfFSkIUne5W59exWc2tptT6hStxD7jv3VYawY9LbFBLd6F3sY8qyELFhJ27bDQaurDbHp0zdIP14hzOzrI39QZ0FL6S9EAgsbb6P85ySuUcM-BE73dZOXzSS_SyvoxNEfaLhDdaXKQMeCu3p-tEGSMl64WJHNAAJ0kK2Z2G67my2ZaZwJZOi0ShHqUDVZmzOB5sF7gs2YMW2eR5fe6R3ABlHoTj_RQ7novW9f8lHa_94nXDg0nmthMeQ9e-YEolVikBZuT9MdT75CXik8DUSOlXdjMV0uJaY9s4lBlWpuGVNhyG2Zni9QfMYkTI_akm2gpOwemZ_LnQ0beDXhjrBJaed5REwVeEI7pdVUte3b4S2GoJ_uIuoUm0bydtFH_xEWdm3mQEWTGPszBonK5exhKtbRUu7Glgoddqw9eCQeA-aEKvqn_wxgTx3nvAJRLVP5c5S7DuJPiyuHot1Kdv0pfLD8HQOraOEtNqOEnjJ1oo8SgmFjKb6lw2BOQy_S9ARiTQEkLZQ1kfGiUQki6UaTQfCev34Qz-9TrJ5FUm4KwMxjD6Gyd9oJPU_wHmI_1qYqNg--8VDNxiqqfcT4-wrHVA0yoj4mgqw_59SEDCe1upSrisguyTV_G6EwDiSdv73_PaOa5ONUse1iY=w1024-h683-no', 10);
INSERT INTO eignir_Eignmynd (mynd, eign_id) VALUES ('https://lh3.googleusercontent.com/OyGNrALhmjzIIotqpd6-DlB4jbhymKqvtN8j_0VlprRPrvXbNZNVzmrctP9gQYvAWTmpqfC3I6pHBnS9oaSh4CQVUUA7NDzj7ajzlOHHJfkcVEH2KfruteP8-6z3RIgIE06wvALY9iwONAjOS8lQXjCtSnzkXCqIV_1x5jte_XFaYEoMhAjU0by947wsLb0o1l8K8MefKm4vhHe5Rrqf7hOwjctG5d6bPP3lvr1jMnnXh8r22VNGy9GYKDe_Ge6xz_1JRf-tfdw0P6Kt3W3vQTwsRDpc5UtbcWjlsIm-G4oyShuhbKONwYOoSOrVKG0TFEWQsqLQk_yZ8opqgdS-GpVpuVpDuXllSzxyNztje7jtGmBZVhTMO4MRbhBtDkILzU-4tp7RYwuOKNBW9gArJmGwkVT8t7UY4g4i0fZAdao1YC5EcinFuhkJdYgOXX21eSRQqvKc_1yS6zKTFMN39o0caAmZoqbJueHiWMIKIQ5FV9BwEVagzhnSG9t3W1iahc3R-D6nkP-QeQJln_srHfQL1Vs7x0q13cKiSq5rBzLoFZLAha3ZghnM42gg7Zu8Mec0XGlVQjIdQMC2CdR3p0m4A6n7z_Joad2tseRNZTOsDIR4vEpX3l4wPE-5R5XLwQPpnXP3cCviN77Y3sabx7h_G1GHqSU=w1024-h683-no', 10);
INSERT INTO eignir_Eignmynd (mynd, eign_id) VALUES ('https://lh3.googleusercontent.com/T5uxWcmUP24-dXRf_6B-hkTcgsjnLiOcjQ0KNDygpOgdsGcqzPjB2eMACXVKCpdjYoX2Iqo4uOuYW_W1LNJiFiaDCqiaBBlVv32TDNx8mazMJ2ujEdfkXDASrVDzMpMLfMfGVbL2PZvr5d-ImE5Y4kH9ZnI3ChcV2I-HJ-540dUYzdbushBbb_FKn24ikllVK7tkJomgJsa8xHgCHMvQtiOHQf8Io4yP3XF0-w7aVTEyVBhzibkgL-cSk5_oXLY5_XWHRofvQGfUpgCHX_Tbb2RoG3JvZ_uJ1BoI2fZCFM8YOV7sN3W9V-MULCn3dkV-U1LphPLZnQdtFKwW-QRYYb1sgZWZCiCXRrjWGUWV07TYdijQtAyqem8WWa7XvBxW3z8ICo5qRiNdepT70w08IMcHX_NV_ZdX2lIj4KNfmNtSVeQTGPs0z09bW9OspAOJeACjw8FLlk-8FrGgznCw5yFt0yCUVS09cTM1TCGE4irBUbOJSsl7med0YrDuqBwbEaZC-OzhmU1_nCKEFXKKJa6BoxPc3DUY2kDe-yB0ZQkxaahlW0asl8mz9KGMtmMFmsvFuaPCx49ZS-iHfZXk9_EE2XX2g1cfzqalf4breCh6D8gcmESYkG3P97POoGGOha0cBe94Os7tc8OdZxfCo8Xi3yyxHIU=w1024-h683-no', 10);
INSERT INTO eignir_Eignmynd (mynd, eign_id) VALUES ('https://lh3.googleusercontent.com/tQxv31MrEAcrbYChrNnW1AuUH8VNnZuZLDzHdMeixEJdJYQMju7CprBStZQMMUzEn1rDy1YVHBr8XJUZWCV1B5sbg8pnfLM7LVM5JQDQbxi8ugAWfytYH7Y_CIXcUyHsm18WvOTyyW1VW21a8A1x6LrhjankAu8RokUf30gGdnaf8Ok_lY7sSXfhpCpHHTLkr_Xxj0XB5wOPEyI1aPnrB8YYNfnDb9yYAPPUHMGjLB2nJVYtPGbTjtWtSx0N5MwW5wnvKx5m4pXQdSN-DJuzERixqXZqFZijpdePvN6MCdTYyG1Ax9cd0Oh8tXNw8sYX3lr1tduoXP77GAtw8YjM8AlDbhxw9PWVoWR1yjYLPKPaMrID8Z6hvVblgoa0au8K1bK0vkmIbZfAwOAj2srxan_TaiciyTyALoKU2io_UeTxHH_KxbQdvOyGa2dtoRv-C39D-NqmJkEV6dQ9QkTba3OMMuozTXdt3ATn2CZnPLw8tAoL48uLYO3HHN9nJiVTxf-H0mBYZCM-13TQ9pEWzSIVmvBeNiPSNN0CNfm9AJ_1tKs6yoCAELzAMaEuqVHnIUO7SNuG7gxLWdk-CvIdOeObgrYPNdulwal_Ua0VcJxd-yOoruDWfxQzN2vIi6Aud26OAPaJKzBwYfqkzeeQXW_wVXmAHBA=w1024-h683-no', 10);
INSERT INTO eignir_Eignmynd (mynd, eign_id) VALUES ('https://lh3.googleusercontent.com/yzhNL5z1Zlgu0KYoQpxFZ7tJRRR9Dcvjjn_q1Mhdu72UiDlB68G9QaBRnVhjc0Y0lHhzFF2xyiWzKdZNOchCAL7muV-FAT4geiEb3bhyWCo4FDyhxgJtTTx8Y_a_wF8aoHB55Bq_qUNCaL2sI5jgREctFG_aYCHMTe9rG_gbNvL-JL73wjZXbGVACqWiRvwnGU7ENf1aCCa6xMY-XD_b6od0zNWTHG0uADR09eM3Zh8_2BoXm8XDBOvauN6g-DCHsgEDg3lPliO3KY4dAiPFk_e-WSP48eKvVVnchBTF_vLjsf3JCnUiq73DSJj3vrbtrABdw89jpk5Btj1YvHQO5etiA-WGHAKlqS575gOnEqQWT8ttGjzo03sFBdOUb8PE-xeacOh19Uvnc5g0GjF50OY4YhXPSZSfoMbGVNhkXOgWL8FsveEory2DUPmigW262UB6AUkJNEpS7VHmJuf4PTz7xAJKij0iybfkdnzcsHSmot19A8mK9qDnHnsRObcrUIJYa6Hyffg21LxRJT0rMN1pPgHqq7kHc3T8NeeaIprOR1-IVFqRRU21KaPywDgEHvwS-C523CqT3xD7YMU_EjznjA-zHnocdysUX4LOetH3jBVJ4tyk2Jvy6zfH_s2bYuCHEfficTfR1tH1jHNShesKdUdZbNM=w1024-h683-no', 10);
INSERT INTO eignir_Eignmynd (mynd, eign_id) VALUES ('https://lh3.googleusercontent.com/pJJXTpBYVETjou-KVbfQZkd3-enoNz1RSU7PcNG7wC0L7UIWMtLg0njU2xNWeWEi-Te8TcdfUFiF70IeIFRpHaJMDzou7qQe-nqpSniGhboQCHyQ9JbD3jyaywjOddSyAKwdsOOC97dKlEzJIzzvUzg9Kg-lSN1yzA4N9bi7aIKcMShbL8wwVQVVy_QjZqVogr6dJifQ6JFhX7_CcWndtNNqckJGLCRV9LjHTlok741JPweqncFOKMAy7-fUUDqmWtap5is7U_laAUtFDkx3chDCurImmMZps6gbSgIRxoeKiP1UAGq1btK_rfvP7wcsJY2TMA2KKO7vtzwWXV3EC22oQmadPdRARrUWBOFFVf5SQGhL3KZSnnlOwnsPrneOcONbFeH7rGpbWIRJHdAIg-N_cGnE7UOaUyNOX1OhWLOm2Pbv5S1B9xx9XwCyu3aCe7QhL3tYDVkbAD8kNtuq1wDfyevdhp9D-r4vbOAmMRNpPndqUJq0sG8HO8OhWsHS3DeSFO6TCUVMttUxsvmHCGeOyZDrOhSLWNWQw-91GbUeZeG6lUaSyxpXFYjkTEnIqK_Z2_Yj4V811t4q7NAVgOBwvTLDn06l4KbZr_3PcfTjS25oqxMianCBN4dkllbust3_qXHmhH4yNEw5E8DjYiIcCaF4rRU=w1024-h683-no', 10);
INSERT INTO eignir_Eignmynd (mynd, eign_id) VALUES ('https://lh3.googleusercontent.com/2xpwPou1vbtev417J-YeYZb2zGTzBvgWEsf0s-k5PbrFQdj5c_4KyHwcz7tJhSrDHXdwCfDRjLbWcuwMhCfd8W6o5e0T2yH7Y0dzmEhfSL-i58r1mcI096xfBxyT3KlJcrd720tE-t2ewyxCOr6Pw_R99U4Xq0GVLxTRxHXgpSlyKOd9lIRgU-Btux792khYmLKCDOvv4uKt4ve8lSdFzRJqZP3-VYHDNZmw_mDVjihTgEsuCCTZ86Ur_weInfdS6mhKDKkMNXSjqZYh_U-LHE5GMu_ym7eznOtWngMw5Pv9QIsQf7WaH4YluC2xUSDkMURTvXx5GqtRmiE2gFGRzzlFiZJIWhaLUyZe77Q_letT28-fJwOp71jP-ALdaxJi9fMinQrlqjr7Bl6PlvDUFuYOpeLFMxT_gZd4F_d5xJDG8WmrIDeEw6lwzhHpy4crIENUN_wPsnNCJzzaEtdsEr0cGEaDIh61nQgQoMULWXDLZWv8sz-wRd8jI-Ix_4QLBC98p2e7ReDuEbAcldoNG_y1JlhrxiI4I2oCaUBB6Yhbk7rOXX5Es4XUiPeVzYC3AhQtNs7meTSdqedRxxhsCwq5bmaONRSh1-rRNGu6TxtceRTVthAwzHx9SygONtxQwXGXbOdIe6EVo52XQtXhhl8xbeR1JYY=w1024-h683-no', 10);
INSERT INTO eignir_Eignmynd (mynd, eign_id) VALUES ('https://lh3.googleusercontent.com/UMtOuS1xZOMvcHJUZozUN4-4yB99zRboiKu2Z8j4VZZnGkrY0B6Z6pJ_chMUc_f8ADVqBnYPfInyaAJZH1YsRY2AbhPfxYeYFPdtqP-8D0PqFqamFAtqMJUVC0FsWas_942L8wztvuNuI1pagpsiJ7f6KBgsJ5f7n-UJNenHpWs_4LJqKrbGIps_CyVDHFptsRVmT7lgusb8FqE7p-Bh2XKx7fr3_oK4ivdvdvVEZ__UN4Etia8Vs5Jyhdg5KcipPUfBsCtP-7t9mel7PRdoEw7UgmjyDUkMAogsyEkH4UjrM_wsGvLgTIhSMobg9LsF11Lzut3Oe0zzT_Pq0tdGlUastefDNkmrkV5aX8405eAg0GXDzs_aieMnH0FuopQDvDJ3ajfCp0OgXJpT1-WLe2ljw09-X8XKAW_5oW37fCUOHqjCGO_hiSZ5SO7aEvx5lG-cs6gWbjpnkiVlwMrF9wmJwAdhBE-aUuKwVY4RSmMl7jfwSeZCPUA8nATNCmXKIbY-TvgxlZ9FwL__cTu2YTfx5GEkQ1H4aU7B4cv1MgFyaxcDL_hW_k6DufFfPUsJxgN204cvy92xZ7QExmBYTJDlU1nJI05CAdIuTuzYGdP8Umkxac_AkmVFqLd2s7gsBi-oJhnpbhB5pRMz2DzgDJRPx0TqYQw=w1024-h683-no', 10);
INSERT INTO eignir_Eignmynd (mynd, eign_id) VALUES ('https://lh3.googleusercontent.com/w9KR8E63ja6onwqIYww9eNpn5SM65cI1tPJgBiOWEkkw99fbLH-OBnKApe0JpXwnLEQ32yz6piIXke9KNVrX6sbN8SYBJm7BuMrO6DEo8vrvLghIcErdUV4OBPbx_qT6kVC2-3FDVM5G0jvNFSqqNFUW3lizXdoq0WL02-_rSyqqAwXTJzMKOch1khXu5OyUCHfPGtGIpWK79dyIXSTt_Yjf3oVPmf1b4clmKo6QrqTJO07Fh6xAg8b6nVVM3saiI8Orpu0ViRSBo6ULvEU5jn_h21sSeQCIWObatgG_40-snw4AhnNnP0_zhD6rp9OlbgjzjAoKV04ZvhRCtvIq3zc39vzFNEnqRr-ebtUEFgr1oHEqIo8GmJXem_ywn6rsug4mFYktk_yQ84CDfxidVWW3m9nf2LzYvpCw9RubinP3AXSp3P2APmJE2GSgweioa5zcJTNzU8gOB0m1moDoKJZPWzHDPBLQNzBZS2ocfQJVE980hfZNJo4maD66H4d7HIeA6FIPyv4kKz5WzWFg7t02M5UVHSoKEGfs6okcX2cC1MCKlkeYqIOEp7ay1c876CgllWJgp8uG64qMkOecuzchD0SZjivfSEipDt7qZFvB2WrODcYF5hqSrJ54SX1qb6obL9Mwb7KpPP6LR7xeC71cDvoSxnc=w1024-h683-no', 10);
INSERT INTO eignir_Eignmynd (mynd, eign_id) VALUES ('https://lh3.googleusercontent.com/tTrLi57gYlFWnT3wIfN7DHkWSxnnv7_74VKcG6mX9g75wHfMqBAIVD3qdVAhu41PnRiO4qqYZXsPFEtzk0fU1FHEfdTgGDxrjrFfkd0iinKc6Ibugsr71O-9SSZR6y3oT_XKB7vJBGLvuLczHCbkCqE5WnWI8BACrYy8TFosIDj_cSmXF0W94YTp6kqtq2s7H6sUY3LdanEdzWlCPbA3nOxZsBr_VUQaXRnpa3W-uT8_M_s7EiWTvSluJlMPemhrhpQwxLcW9Nn7WdluKUe6j8b_pxzkndMC6bovCLEIXRDSsd4CSAb59d12m0BDGNiUH3wBXTjSvl0dhTK-dY6ImQuyhJXWYn3PC496rezSGyKB8CbWHDVY11_DX0zyikn73LEC9TLYagRjvefOR6f3-YowhfoDi1jOpHbZrB7WVQxRFYayYxU-sDBA2n1qQZqFjxO2QVW5KJTRVg3VVZGcjM9_IAkHLyx1KgJBWINWAL5cNk_xrojKX4OGLmJvv76liEkHaOgUbavKkbE_CPBLO6NbQr2x8d_SqXTjuRpTcgwZiFbsNAscTzVsKKU7YkAreHIbfA-tcneoCDAWdOIjpp6cgxJtUlGlp2s-WITRYek5LptyHYUBkqA3QZgwUE784YT6abGJpP-g0DDS_SkMfQ6dryyoxhI=w1024-h683-no', 10);
INSERT INTO eignir_Eignmynd (mynd, eign_id) VALUES ('https://lh3.googleusercontent.com/gMAGVuRzsUkEW7ZwUd4KHmWqTqYfcO7mIqWt-EurwXx2FyGfGw-UW6tUVR7QZLkzpH_FxtXxTgz3LCCK3SK07zM5G4K5TGMun2x4sQBU60-KjJIqmDmxjFpTibLJu2aoH5NaNnj1PqmSXnjUaQGKKm4hryETytmnx4wK5mHDq3pHCHzZX_mMZ1sN1h3eW4zmIywLkCgkkYrCm8lHHQnxyq1baKV_4X01GUTblU6kaEj668QUvQ3PYX1e-9edogsGvvXDiNKEt7RWIj5Fa4HhoPFiLOhQ8jfKioMG9J5SIxD4wro-bk-XG1LFy1BMEmjOrsK1dMtCIJ5KZNvCDFH4_BLaxGMn40977Wcb9NwBvBvv0kzNZ1G4M782vE-BV2MhHyABQcvLpHM57CR-WWxb8gvpyjv3RWSZMqlR31oKP1CtibencPeKHfnPVaKyzxN0HOsbNwBCI_rjQDKBUbwj7diJNsOCc8t15Oyd0_xNgWKgoGMNpSBllN3qYPdDWMP49rvzyC6hti1yGBNwoj9-yFwfa5wpVg0bJSMof78TX7r5ZtVt72SdzZXvIaVnZbRwpg79wPiPBsX7HPNlPTN7kUw9J4dPwUr-1SG2HgLtLAxGfsOKxaAXZlovvifYe9NXv798SS6iDuvwjvI_pXzBBMZ3WAodvQI=w1024-h683-no', 10);
INSERT INTO eignir_Eignmynd (mynd, eign_id) VALUES ('https://lh3.googleusercontent.com/ywayBYh_THXbzGWFk0iXLcCHlgBmvWtlP7p88FHjmmS-5y6X3lGVw8xkTDWLbNttN2pqbfIG9i0XjPt5qixw9kg0Dn-Sb10C68-rWN2tONQ8v97XHs4OzpefeaVWfyr0Zu9r_eFs8BHGiC2cmnvvGE7BoAj6U76H3LvmzMxCArrraZuLfJhcGNHGFpW1lTd8s3x8hwzkxdlyamBXhHEKEWhONMy-ykHf8SnJq8w9pTdDbS1x2LhOgv8X6USjSiRQoWP2GOXg3aWYyh0SSjfaeV_mLeKu-Rr_E3QaMSjKWRhfx53c2BsL2tfDXP3Wi8fWJCyzwS-7musPdYThOurssFyNlUvF6aGwhPVabXl4TxEGfd2143W7NWGrzzU9t9Q4KGUyO1x_LRl4Q9fcsKFIa0UKjBogQYmlDtq4PuHAc3VmiCKXJ4h8y-9slj0MzlED9n28zn6mhReHBo_M01Wg34bgEYyjY-lh7tF_NC61bQqj_q4yvqyNOSzchUpbUGT2tD06EFcgXsLtBx1-hPL8Fjqn-BZ5NP_KP5cWdH_XyGZVq3FRmRNMmzXGQbAzARFzYF6jW6q8uc_UXn7Zryxqm1SZ9ZlD9pIMgM1iop1_u0i9S0BOd_R8VIBjyWVia9r46VrFO7rXv5UfyHTb8gY0ZgrBpG-teYg=w1024-h683-no', 10);


